date,candle_begin_time,daily_return,cumulative_return,,
2021/1/2,2021/1/2,0.017824507,0.017824507,,
2021/1/3,2021/1/3,0.025008657,0.043278931,,
2021/1/4,2021/1/4,0.009109119,0.052782283,,
2021/1/5,2021/1/5,0.00213146,0.055026246,,
2021/1/6,2021/1/6,0.022688696,0.078963416,,
2021/1/7,2021/1/7,-0.012845807,0.06510326,,
2021/1/8,2021/1/8,0.011706943,0.077572363,,
2021/1/9,2021/1/9,0.018683254,0.097704921,,
2021/1/10,2021/1/10,0.01570909,0.114948867,,
2021/1/11,2021/1/11,-0.023860232,0.088345928,,
2021/1/12,2021/1/12,0.007350674,0.096346004,,
2021/1/13,2021/1/13,-0.004408993,0.091512223,,
2021/1/14,2021/1/14,0.004359928,0.096271137,,
2021/1/15,2021/1/15,0.059274302,0.161251844,,
2021/1/16,2021/1/16,0.040715151,0.208532387,,
2021/1/17,2021/1/17,0.021934305,0.235040706,,
2021/1/18,2021/1/18,-0.000799409,0.234053403,,
2021/1/19,2021/1/19,-0.016832214,0.213281552,,
2021/1/20,2021/1/20,0.023079122,0.241283024,,
2021/1/21,2021/1/21,0.008795962,0.252201303,,
2021/1/22,2021/1/22,0.001188042,0.253688971,,
2021/1/23,2021/1/23,0.03973768,0.303507662,,
2021/1/24,2021/1/24,0.018435608,0.327538618,,
2021/1/25,2021/1/25,0.006684193,0.336412143,,
2021/1/26,2021/1/26,0.00467795,0.342663812,,
2021/1/27,2021/1/27,0.003022833,0.346722461,,
2021/1/28,2021/1/28,0.00492696,0.353357709,,
2021/1/29,2021/1/29,0.027748512,0.39091137,,
2021/1/30,2021/1/30,0.003117667,0.395247769,,
2021/1/31,2021/1/31,0.011588496,0.411416593,,
2021/2/1,2021/2/1,0.012630592,0.42924362,,
2021/2/2,2021/2/2,-0.013222375,0.410345625,,
2021/2/3,2021/2/3,-0.025878055,0.373848623,,
2021/2/4,2021/2/4,-0.014752678,0.353580676,,
2021/2/5,2021/2/5,0.008044886,0.364470079,,
2021/2/6,2021/2/6,0.002944366,0.368487578,,
2021/2/7,2021/2/7,0.011759233,0.384579943,,
2021/2/8,2021/2/8,-0.004577033,0.378242675,,
2021/2/9,2021/2/9,0.009830875,0.391792006,,
2021/2/10,2021/2/10,0.017635562,0.41633704,,
2021/2/11,2021/2/11,-0.002332936,0.413032816,,
2021/2/12,2021/2/12,0.02994697,0.455348868,,
2021/2/13,2021/2/13,0.026141912,0.493394471,,
2021/2/14,2021/2/14,0.001703215,0.495938043,,
2021/2/15,2021/2/15,-0.012484456,0.47726207,,
2021/2/16,2021/2/16,0.000861834,0.478535225,,
2021/2/17,2021/2/17,0.008555272,0.491184496,,
2021/2/18,2021/2/18,0.000391809,0.491768755,,
2021/2/19,2021/2/19,0.046949539,0.56180661,,
2021/2/20,2021/2/20,-0.064231933,0.461488753,,
2021/2/21,2021/2/21,-0.003083717,0.456981934,,
2021/2/22,2021/2/22,-0.007944607,0.445406786,,
2021/2/23,2021/2/23,-0.011990876,0.428075093,,
2021/2/24,2021/2/24,0.010407978,0.442938468,,
2021/2/25,2021/2/25,-0.005492529,0.435013086,,
2021/2/26,2021/2/26,0.002495796,0.438594586,,
2021/2/27,2021/2/27,0.010218296,0.453294572,,
2021/2/28,2021/2/28,0.00130372,0.455189261,,
2021/3/1,2021/3/1,-0.007505727,0.444267008,,
2021/3/2,2021/3/2,0.000387694,0.444826941,,
2021/3/3,2021/3/3,0.017300534,0.469823219,,
2021/3/4,2021/3/4,0.011035337,0.486043213,,
2021/3/5,2021/3/5,0.004480472,0.492701388,,
2021/3/6,2021/3/6,-0.001710118,0.490148693,,
2021/3/7,2021/3/7,0.009448108,0.504227779,,
2021/3/8,2021/3/8,0.015793596,0.527984945,,
2021/3/9,2021/3/9,-0.022038805,0.494309983,,
2021/3/10,2021/3/10,0.021043913,0.525756113,,
2021/3/11,2021/3/11,0.025216704,0.564230652,,
2021/3/12,2021/3/12,0.044306068,0.633535562,,
2021/3/13,2021/3/13,-0.00736972,0.621496862,,
2021/3/14,2021/3/14,-0.00084875,0.620120616,,
2021/3/15,2021/3/15,-0.014974952,0.595859388,,
2021/3/16,2021/3/16,0.001642207,0.598480119,,
2021/3/17,2021/3/17,0.024605595,0.637811674,,
2021/3/18,2021/3/18,-0.01906637,0.60658455,,
2021/3/19,2021/3/19,0.010051425,0.622733014,,
2021/3/20,2021/3/20,-0.00190246,0.61964583,,
2021/3/21,2021/3/21,0.002874983,0.624302283,,
2021/3/22,2021/3/22,-0.000889473,0.62285751,,
2021/3/23,2021/3/23,0.005724375,0.632147356,,
2021/3/24,2021/3/24,0.015828683,0.657982099,,
2021/3/25,2021/3/25,-0.006353886,0.64744747,,
2021/3/26,2021/3/26,-0.0030171,0.642476956,,
2021/3/27,2021/3/27,0.019647459,0.674747455,,
2021/3/28,2021/3/28,0.008787642,0.689464535,,
2021/3/29,2021/3/29,-0.000121923,0.689258551,,
2021/3/30,2021/3/30,-0.000569719,0.688296149,,
2021/3/31,2021/3/31,0.026656509,0.733300231,,
2021/4/1,2021/4/1,-0.000416752,0.732577874,,
2021/4/2,2021/4/2,-0.01182758,0.712085671,,
2021/4/3,2021/4/3,0.001524713,0.71469611,,
2021/4/4,2021/4/4,0.015816356,0.741816354,,
2021/4/5,2021/4/5,0.017599034,0.77247064,,
2021/4/6,2021/4/6,0.018297817,0.804902982,,
2021/4/7,2021/4/7,-0.023940426,0.761692836,,
2021/4/8,2021/4/8,-0.010443421,0.743294737,,
2021/4/9,2021/4/9,0.013161036,0.766238302,,
2021/4/10,2021/4/10,0.024239861,0.809051673,,
2021/4/11,2021/4/11,0.011425608,0.829721188,,
2021/4/12,2021/4/12,0.014044525,0.855418753,,
2021/4/13,2021/4/13,0.018354157,0.8894734,,
2021/4/14,2021/4/14,0.035834554,0.957181836,,
2021/4/15,2021/4/15,0.005631398,0.968203507,,
2021/4/16,2021/4/16,0.023540632,1.01453626,,
2021/4/17,2021/4/17,-0.020359445,0.973521421,,
2021/4/18,2021/4/18,-0.016650918,0.940660478,,
2021/4/19,2021/4/19,-0.008379248,0.924399203,,
2021/4/20,2021/4/20,0.004365841,0.932800824,,
2021/4/21,2021/4/21,-0.004691387,0.923733307,,
2021/4/22,2021/4/22,0.013992748,0.950651623,,
2021/4/23,2021/4/23,-0.01418658,0.922978548,,
2021/4/24,2021/4/24,-0.002320089,0.918517067,,
2021/4/25,2021/4/25,-0.000110363,0.918305333,,
2021/4/26,2021/4/26,0.006797232,0.9313445,,
2021/4/27,2021/4/27,0.012430776,0.955352611,,
2021/4/28,2021/4/28,-0.00301456,0.949458083,,
2021/4/29,2021/4/29,0.009616515,0.968205075,,
2021/4/30,2021/4/30,-0.005920264,0.956552782,,
2021/5/1,2021/5/1,-0.006471301,0.94389134,,
2021/5/2,2021/5/2,-0.01129482,0.921935436,,
2021/5/3,2021/5/3,0.029173461,0.978004944,,
2021/5/4,2021/5/4,0.017475743,1.01257205,,
2021/5/5,2021/5/5,-0.001020989,1.010517237,,
2021/5/6,2021/5/6,0.02620689,1.063206641,,
2021/5/7,2021/5/7,-0.005650701,1.051548078,,
2021/5/8,2021/5/8,-0.012096335,1.026731865,,
2021/5/9,2021/5/9,-0.007499194,1.011533009,,
2021/5/10,2021/5/10,0.019107598,1.049968573,,
2021/5/11,2021/5/11,0.007290019,1.064912883,,
2021/5/12,2021/5/12,0.039434009,1.146340675,,
2021/5/13,2021/5/13,-0.03223623,1.077150745,,
2021/5/14,2021/5/14,0.006191594,1.09001162,,
2021/5/15,2021/5/15,0.020097922,1.13201651,,
2021/5/16,2021/5/16,-0.011130034,1.108287094,,
2021/5/17,2021/5/17,0.002305851,1.113148491,,
2021/5/18,2021/5/18,0.025087415,1.166161924,,
2021/5/19,2021/5/19,0.004866685,1.176703952,,
2021/5/20,2021/5/20,-0.004392126,1.167143592,,
2021/5/21,2021/5/21,-0.015415019,1.133737033,,
2021/5/22,2021/5/22,0.015698078,1.167232604,,
2021/5/23,2021/5/23,-0.000285291,1.166614311,,
2021/5/24,2021/5/24,-0.013288961,1.137822259,,
2021/5/25,2021/5/25,0.018473824,1.177316011,,
2021/5/26,2021/5/26,0.033949214,1.251234178,,
2021/5/27,2021/5/27,-0.010087295,1.228525315,,
2021/5/28,2021/5/28,-0.00730649,1.212242616,,
2021/5/29,2021/5/29,-0.001416236,1.209109558,,
2021/5/30,2021/5/30,-0.00227153,1.2040915,,
2021/5/31,2021/5/31,0.003358632,1.211494232,,
2021/6/1,2021/6/1,-0.004195414,1.202216099,,
2021/6/2,2021/6/2,0.004332856,1.211757983,,
2021/6/3,2021/6/3,-0.010782545,1.187909604,,
2021/6/4,2021/6/4,-0.005219207,1.176490451,,
2021/6/5,2021/6/5,0.001450661,1.179647801,,
2021/6/6,2021/6/6,0.001095977,1.182036645,,
2021/6/7,2021/6/7,0.012463201,1.209231806,,
2021/6/8,2021/6/8,-0.0004893,1.208150828,,
2021/6/9,2021/6/9,0.012824993,1.236470347,,
2021/6/10,2021/6/10,0.0155654,1.271281903,,
2021/6/11,2021/6/11,0.041026354,1.364464318,,
2021/6/12,2021/6/12,-0.018472239,1.320787369,,
2021/6/13,2021/6/13,0.006691992,1.336318059,,
2021/6/14,2021/6/14,0.00036596,1.337173059,,
2021/6/15,2021/6/15,0.003909912,1.346311201,,
2021/6/16,2021/6/16,0.004734659,1.357420185,,
2021/6/17,2021/6/17,0.000628903,1.358902774,,
2021/6/18,2021/6/18,0.003650949,1.367515006,,
2021/6/19,2021/6/19,0.008012358,1.386484385,,
2021/6/20,2021/6/20,-0.008032316,1.367315389,,
2021/6/21,2021/6/21,0.04356142,1.470439009,,
2021/6/22,2021/6/22,0.010707059,1.496890144,,
2021/6/23,2021/6/23,-0.012816944,1.464887643,,
2021/6/24,2021/6/24,-0.006488864,1.448893322,,
2021/6/25,2021/6/25,-0.002656639,1.442387495,,
2021/6/26,2021/6/26,-0.003403996,1.434073619,,
2021/6/27,2021/6/27,-0.008849128,1.412534191,,
2021/6/28,2021/6/28,0.002913858,1.419563974,,
2021/6/29,2021/6/29,0.003764761,1.428673053,,
2021/6/30,2021/6/30,0.002227326,1.434082501,,
2021/7/1,2021/7/1,0.000190296,1.434545696,,
2021/7/2,2021/7/2,-0.000466106,1.433410939,,
2021/7/3,2021/7/3,0.005553831,1.446925691,,
2021/7/4,2021/7/4,0.007735945,1.465854973,,
2021/7/5,2021/7/5,0.00165699,1.46994087,,
2021/7/6,2021/7/6,0.001928309,1.474703679,,
2021/7/7,2021/7/7,0.006063189,1.489708275,,
2021/7/8,2021/7/8,-0.002135431,1.484391675,,
2021/7/9,2021/7/9,-0.008212526,1.463988544,,
2021/7/10,2021/7/10,0.004669304,1.475493655,,
2021/7/11,2021/7/11,0.000285261,1.476199818,,
2021/7/12,2021/7/12,0.005548363,1.489938674,,
2021/7/13,2021/7/13,0.012428151,1.520884008,,
2021/7/14,2021/7/14,0.005855766,1.535645715,,
2021/7/15,2021/7/15,0.015295945,1.574430812,,
2021/7/16,2021/7/16,0.025351495,1.639696481,,
2021/7/17,2021/7/17,0.008731116,1.662743978,,
2021/7/18,2021/7/18,-0.012011078,1.630761552,,
2021/7/19,2021/7/19,0.021408157,1.687081308,,
2021/7/20,2021/7/20,0.012789817,1.721448587,,
2021/7/21,2021/7/21,-0.010465751,1.692966583,,
2021/7/22,2021/7/22,0.005969487,1.709042213,,
2021/7/23,2021/7/23,0.018985463,1.760474633,,
2021/7/24,2021/7/24,0.002137633,1.766375514,,
2021/7/25,2021/7/25,0.015736966,1.809909872,,
2021/7/26,2021/7/26,-0.036085442,1.708513033,,
2021/7/27,2021/7/27,-0.000989864,1.705831973,,
2021/7/28,2021/7/28,-0.009660534,1.679692191,,
2021/7/29,2021/7/29,-0.002190627,1.673821984,,
2021/7/30,2021/7/30,0.012691506,1.707756811,,
2021/7/31,2021/7/31,-0.007909559,1.686339648,,
2021/8/1,2021/8/1,0.006735565,1.704433664,,
2021/8/2,2021/8/2,-0.009076532,1.679886784,,
2021/8/3,2021/8/3,0.00754472,1.700105781,,
2021/8/4,2021/8/4,-0.014809359,1.660118944,,
2021/8/5,2021/8/5,0.005140886,1.673794313,,
2021/8/6,2021/8/6,-0.000579416,1.672245075,,
2021/8/7,2021/8/7,0.004654674,1.684683504,,
2021/8/8,2021/8/8,-0.007043802,1.665773126,,
2021/8/9,2021/8/9,0.004592712,1.678016254,,
2021/8/10,2021/8/10,-0.007210083,1.658707534,,
2021/8/11,2021/8/11,0.01460696,1.697543168,,
2021/8/12,2021/8/12,-0.0086928,1.674093966,,
2021/8/13,2021/8/13,0.031222302,1.757585334,,
2021/8/14,2021/8/14,0.024513646,1.825183806,,
2021/8/15,2021/8/15,0.002301281,1.831685346,,
2021/8/16,2021/8/16,-0.006307954,1.813823204,,
2021/8/17,2021/8/17,0.01086134,1.844385094,,
2021/8/18,2021/8/18,0.002505121,1.851510622,,
2021/8/19,2021/8/19,0.00069135,1.853482015,,
2021/8/20,2021/8/20,0.006915009,1.873213867,,
2021/8/21,2021/8/21,0.001913344,1.878711314,,
2021/8/22,2021/8/22,0.01803652,1.930633249,,
2021/8/23,2021/8/23,-0.002529251,1.923220941,,
2021/8/24,2021/8/24,-0.005791967,1.906289741,,
2021/8/25,2021/8/25,0.001589008,1.91090786,,
2021/8/26,2021/8/26,-0.009192654,1.88414889,,
2021/8/27,2021/8/27,-0.008193644,1.860517202,,
2021/8/28,2021/8/28,0.013988085,1.900530361,,
2021/8/29,2021/8/29,-0.000409789,1.899341755,,
2021/8/30,2021/8/30,0.018412857,1.952726921,,
2021/8/31,2021/8/31,0.010289993,1.98311046,,
2021/9/1,2021/9/1,0.00490361,1.997738471,,
2021/9/2,2021/9/2,-0.008761389,1.971474117,,
2021/9/3,2021/9/3,0.010079258,2.001424371,,
2021/9/4,2021/9/4,0.014400827,2.044647365,,
2021/9/5,2021/9/5,0.000657722,2.046649898,,
2021/9/6,2021/9/6,0.00302135,2.055854895,,
2021/9/7,2021/9/7,0.02606622,2.13550948,,
2021/9/8,2021/9/8,0.012164937,2.173652756,,
2021/9/9,2021/9/9,0.000947962,2.176661258,,
2021/9/10,2021/9/10,0.007669103,2.2010234,,
2021/9/11,2021/9/11,0.000812686,2.203624825,,
2021/9/12,2021/9/12,0.013280394,2.246170225,,
2021/9/13,2021/9/13,-0.003634021,2.234373574,,
2021/9/14,2021/9/14,-0.00094385,2.231320811,,
2021/9/15,2021/9/15,-0.004533976,2.21667008,,
2021/9/16,2021/9/16,0.001361135,2.221048401,,
2021/9/17,2021/9/17,-0.00317061,2.210835714,,
2021/9/18,2021/9/18,-0.016333607,2.158391184,,
2021/9/19,2021/9/19,0.005957418,2.177207041,,
2021/9/20,2021/9/20,-0.002045845,2.170706968,,
2021/9/21,2021/9/21,-0.013982108,2.126373801,,
2021/9/22,2021/9/22,0.003184898,2.136330984,,
2021/9/23,2021/9/23,0.0076282,2.160255544,,
2021/9/24,2021/9/24,0.006232551,2.179951999,,
2021/9/25,2021/9/25,-0.01056923,2.146342355,,
2021/9/26,2021/9/26,0.00533342,2.163123121,,
2021/9/27,2021/9/27,-0.0010315,2.159860359,,
2021/9/28,2021/9/28,0.006758083,2.181214959,,
2021/9/29,2021/9/29,-0.000454551,2.179768934,,
2021/9/30,2021/9/30,-0.008617722,2.152366571,,
2021/10/1,2021/10/1,-0.000617323,2.150420543,,
2021/10/2,2021/10/2,-0.002149262,2.143649463,,
2021/10/3,2021/10/3,0.006072554,2.162739443,,
2021/10/4,2021/10/4,0.019884831,2.225629983,,
2021/10/5,2021/10/5,0.009307039,2.255651047,,
2021/10/6,2021/10/6,0.060344698,2.452112325,,
2021/10/7,2021/10/7,-0.013618575,2.405099476,,
2021/10/8,2021/10/8,-0.003804592,2.39214446,,
2021/10/9,2021/10/9,-0.006675158,2.369501359,,
2021/10/10,2021/10/10,0.01938779,2.434828542,,
2021/10/11,2021/10/11,0.012781052,2.478729265,,
2021/10/12,2021/10/12,-0.013325571,2.432373211,,
2021/10/13,2021/10/13,0.003297642,2.44369195,,
2021/10/14,2021/10/14,-0.00192431,2.43706522,,
2021/10/15,2021/10/15,0.011497856,2.476584102,,
2021/10/16,2021/10/16,0.005409101,2.495389296,,
2021/10/17,2021/10/17,0.005461455,2.514479208,,
2021/10/18,2021/10/18,-0.00186952,2.507908821,,
2021/10/19,2021/10/19,0.005687845,2.527861262,,
2021/10/20,2021/10/20,-0.005787908,2.507442327,,
2021/10/21,2021/10/21,0.002045818,2.514617916,,
2021/10/22,2021/10/22,-0.013877645,2.465843297,,
2021/10/23,2021/10/23,0.005005574,2.483191831,,
2021/10/24,2021/10/24,0.008815541,2.513898051,,
2021/10/25,2021/10/25,0.00085628,2.516906932,,
2021/10/26,2021/10/26,-0.000727012,2.514350099,,
2021/10/27,2021/10/27,0.053224302,2.701398931,,
2021/10/28,2021/10/28,-0.023554876,2.614212938,,
2021/10/29,2021/10/29,0.004500114,2.63047731,,
2021/10/30,2021/10/30,0.021796043,2.709607349,,
2021/10/31,2021/10/31,-0.00365472,2.696049771,,
2021/11/1,2021/11/1,0.008745811,2.728374724,,
2021/11/2,2021/11/2,0.031475631,2.845727672,,
2021/11/3,2021/11/3,-0.000695669,2.843052317,,
2021/11/4,2021/11/4,-0.009179926,2.80777338,,
2021/11/5,2021/11/5,-0.013041172,2.758115554,,
2021/11/6,2021/11/6,0.001283537,2.762939233,,
2021/11/7,2021/11/7,0.002211137,2.771259608,,
2021/11/8,2021/11/8,0.004802423,2.78937079,,
2021/11/9,2021/11/9,0.01579196,2.84921238,,
2021/11/10,2021/11/10,0.014282096,2.904187199,,
2021/11/11,2021/11/11,-0.013105799,2.853019707,,
2021/11/12,2021/11/12,-0.008341455,2.820879915,,
2021/11/13,2021/11/13,-0.005212826,2.800962334,,
2021/11/14,2021/11/14,0.002073801,2.808844774,,
2021/11/15,2021/11/15,-0.002794463,2.798201096,,
2021/11/16,2021/11/16,0.010484457,2.838023172,,
2021/11/17,2021/11/17,0.022165764,2.923095889,,
2021/11/18,2021/11/18,0.01711642,2.990245245,,
2021/11/19,2021/11/19,-0.016927038,2.922702212,,
2021/11/20,2021/11/20,0.024459649,3.01865013,,
2021/11/21,2021/11/21,0.006866776,3.046245298,,
2021/11/22,2021/11/22,-0.000628636,3.043701684,,
2021/11/23,2021/11/23,-0.000146668,3.043108602,,
2021/11/24,2021/11/24,0.035478371,3.186551508,,
2021/11/25,2021/11/25,-0.007369353,3.155699334,,
2021/11/26,2021/11/26,0.014362365,3.215385005,,
2021/11/27,2021/11/27,-0.002798712,3.203587358,,
2021/11/28,2021/11/28,-0.01024162,3.160535813,,
2021/11/29,2021/11/29,0.002198659,3.169683413,,
2021/11/30,2021/11/30,-0.002584591,3.158906486,,
2021/12/1,2021/12/1,-0.000549409,3.156621544,,
2021/12/2,2021/12/2,0.004054013,3.17347254,,
2021/12/3,2021/12/3,0.012011636,3.223602771,,
2021/12/4,2021/12/4,0.009195331,3.262440198,,
2021/12/5,2021/12/5,-0.008913112,3.224448593,,
2021/12/6,2021/12/6,-0.005791665,3.199982002,,
2021/12/7,2021/12/7,-0.002154174,3.190934511,,
2021/12/8,2021/12/8,0.004304628,3.208974925,,
2021/12/9,2021/12/9,-0.010724793,3.163834541,,
2021/12/10,2021/12/10,-0.005696467,3.140115396,,
2021/12/11,2021/12/11,-0.002043172,3.13165643,,
2021/12/12,2021/12/12,-0.006261031,3.105787999,,
2021/12/13,2021/12/13,0.00014373,3.106378122,,
2021/12/14,2021/12/14,6.01E-05,3.10662492,,
2021/12/15,2021/12/15,-0.007752271,3.07478925,,
2021/12/16,2021/12/16,0.007785814,3.1065148,,
2021/12/17,2021/12/17,0.018114379,3.180901764,,
2021/12/18,2021/12/18,0.006635877,3.208645715,,
2021/12/19,2021/12/19,-0.003160745,3.19534326,,
2021/12/20,2021/12/20,-0.001792865,3.187821574,,
2021/12/21,2021/12/21,0.007748334,3.220270213,,
2021/12/22,2021/12/22,-0.003144256,3.207000602,,
2021/12/23,2021/12/23,0.000524327,3.209206447,,
2021/12/24,2021/12/24,0.008771249,3.246126444,,
2021/12/25,2021/12/25,0.003225857,3.25982384,,
2021/12/26,2021/12/26,0.001548967,3.266422168,,
2021/12/27,2021/12/27,-0.008725201,3.229196777,,
2021/12/28,2021/12/28,-0.003820876,3.213037538,,
2021/12/29,2021/12/29,0.002272696,3.222612491,,
2021/12/30,2021/12/30,-0.000865115,3.218959444,,
2021/12/31,2021/12/31,-0.005535632,3.195604837,,
2022/1/1,2022/1/1,0.002003464,3.204010581,,
2022/1/2,2022/1/2,-0.007853997,3.170992295,,
2022/1/3,2022/1/3,0.006441823,3.197861088,,
2022/1/4,2022/1/4,0.00613764,3.223626049,,
2022/1/5,2022/1/5,0.007067945,3.253478407,,
2022/1/6,2022/1/6,-0.015569637,3.18725329,,
2022/1/7,2022/1/7,0.005527705,3.210399193,,
2022/1/8,2022/1/8,0.007659166,3.242647339,,
2022/1/9,2022/1/9,-0.005350433,3.219947338,,
2022/1/10,2022/1/10,0.003694,3.235535824,,
2022/1/11,2022/1/11,-0.000487474,3.23347111,,
2022/1/12,2022/1/12,-0.006842344,3.204504243,,
2022/1/13,2022/1/13,0.007880053,3.237635959,,
2022/1/14,2022/1/14,0.00142466,3.243673151,,
2022/1/15,2022/1/15,-0.001885623,3.235671181,,
2022/1/16,2022/1/16,-0.005209018,3.213607493,,
2022/1/17,2022/1/17,0.008924668,3.251212539,,
2022/1/18,2022/1/18,0.007418013,3.282748088,,
2022/1/19,2022/1/19,0.010506861,3.327746327,,
2022/1/20,2022/1/20,0.009760124,3.369985666,,
2022/1/21,2022/1/21,0.010654449,3.416545457,,
2022/1/22,2022/1/22,0.005217194,3.439587433,,
2022/1/23,2022/1/23,-0.002569057,3.428181879,,
2022/1/24,2022/1/24,-0.010189641,3.383060295,,
2022/1/25,2022/1/25,0.003696104,3.399260542,,
2022/1/26,2022/1/26,-0.00753366,3.366118009,,
2022/1/27,2022/1/27,-0.005019438,3.344202549,,
2022/1/28,2022/1/28,0.006716808,3.373381724,,
2022/1/29,2022/1/29,0.016227936,3.444352685,,
2022/1/30,2022/1/30,-0.004239566,3.425510559,,
2022/1/31,2022/1/31,0.001413728,3.431767027,,
2022/2/1,2022/2/1,-0.011985956,3.378648065,,
2022/2/2,2022/2/2,-0.000708944,3.375543847,,
2022/2/3,2022/2/3,-0.001698622,3.368111454,,
2022/2/4,2022/2/4,0.000668424,3.371031206,,
2022/2/5,2022/2/5,-0.005146671,3.348534946,,
2022/2/6,2022/2/6,-0.00251471,3.33759964,,
2022/2/7,2022/2/7,0.000470768,3.339641643,,
2022/2/8,2022/2/8,0.000312087,3.340995987,,
2022/2/9,2022/2/9,0.001083662,3.345700159,,
2022/2/10,2022/2/10,0.01682513,3.418817131,,
2022/2/11,2022/2/11,0.011174596,3.468195627,,
2022/2/12,2022/2/12,-0.013010458,3.410062358,,
2022/2/13,2022/2/13,0.007458042,3.442952787,,
2022/2/14,2022/2/14,-0.007983477,3.407482574,,
2022/2/15,2022/2/15,-0.008529809,3.369887588,,
2022/2/16,2022/2/16,0.003880284,3.386843993,,
2022/2/17,2022/2/17,0.003785445,3.403450148,,
2022/2/18,2022/2/18,0.003248639,3.417755366,,
2022/2/19,2022/2/19,0.001502503,3.424393056,,
2022/2/20,2022/2/20,0.007373932,3.457018229,,
2022/2/21,2022/2/21,0.010038361,3.501759388,,
2022/2/22,2022/2/22,-0.002167998,3.491999583,,
2022/2/23,2022/2/23,-0.004428547,3.472106554,,
2022/2/24,2022/2/24,0.006297521,3.500269738,,
2022/2/25,2022/2/25,0.009667408,3.54377568,,
2022/2/26,2022/2/26,0.00129034,3.549638697,,
2022/2/27,2022/2/27,-0.015706797,3.478178444,,
2022/2/28,2022/2/28,-0.007116713,3.446308532,,
2022/3/1,2022/3/1,0.00098916,3.450706643,,
2022/3/2,2022/3/2,-0.002458927,3.439762678,,
2022/3/3,2022/3/3,-0.006289864,3.411837172,,
2022/3/4,2022/3/4,0.00185147,3.420005557,,
2022/3/5,2022/3/5,-0.000539272,3.41762197,,
2022/3/6,2022/3/6,0.014668831,3.482423318,,
2022/3/7,2022/3/7,0.007875943,3.517726627,,
2022/3/8,2022/3/8,0.005770568,3.543796476,,
2022/3/9,2022/3/9,-0.00016141,3.543063062,,
2022/3/10,2022/3/10,0.006717068,3.573579123,,
2022/3/11,2022/3/11,-0.001236021,3.567926082,,
2022/3/12,2022/3/12,-0.001972995,3.558913585,,
2022/3/13,2022/3/13,0.000410521,3.560785117,,
2022/3/14,2022/3/14,0.01750455,3.640619606,,
2022/3/15,2022/3/15,-0.001582545,3.633275616,,
2022/3/16,2022/3/16,-0.015846443,3.559854679,,
2022/3/17,2022/3/17,0.023555397,3.667263865,,
2022/3/18,2022/3/18,-0.004364822,3.646892087,,
2022/3/19,2022/3/19,0.002058001,3.656455395,,
2022/3/20,2022/3/20,0.02037706,3.751340266,,
2022/3/21,2022/3/21,-0.024768328,3.633657513,,
2022/3/22,2022/3/22,-0.004403482,3.613253284,,
2022/3/23,2022/3/23,-0.001351515,3.607018401,,
2022/3/24,2022/3/24,0.003522398,3.623246154,,
2022/3/25,2022/3/25,-0.003619226,3.606513581,,
2022/3/26,2022/3/26,-0.001147559,3.601227336,,
2022/3/27,2022/3/27,-0.000382807,3.599465954,,
2022/3/28,2022/3/28,-0.020933033,3.50318518,,
2022/3/29,2022/3/29,0.02246562,3.604352028,,
2022/3/30,2022/3/30,0.011145066,3.655667835,,
2022/3/31,2022/3/31,0.025347806,3.773678799,,
2022/4/1,2022/4/1,-0.002261357,3.762883809,,
2022/4/2,2022/4/2,0.002403213,3.774330031,,
2022/4/3,2022/4/3,-0.025008132,3.654932955,,
2022/4/4,2022/4/4,0.00920238,3.697769416,,
2022/4/5,2022/4/5,-0.010678257,3.647605425,,
2022/4/6,2022/4/6,-0.010811546,3.597357626,,
2022/4/7,2022/4/7,-0.002132356,3.587554425,,
2022/4/8,2022/4/8,-0.004263182,3.567996848,,
2022/4/9,2022/4/9,0.000440642,3.570009701,,
2022/4/10,2022/4/10,-0.006969471,3.53815915,,
2022/4/11,2022/4/11,0.004015295,3.556381196,,
2022/4/12,2022/4/12,-0.005131018,3.533002321,,
2022/4/13,2022/4/13,-0.00054738,3.530521048,,
2022/4/14,2022/4/14,-0.010306634,3.483826626,,
2022/4/15,2022/4/15,-0.00036695,3.482181285,,
2022/4/16,2022/4/16,-0.003519823,3.4664048,,
2022/4/17,2022/4/17,0.000854855,3.470222931,,
2022/4/18,2022/4/18,0.002899176,3.483182892,,
2022/4/19,2022/4/19,-0.002164844,3.4734775,,
2022/4/20,2022/4/20,-0.001838618,3.465252485,,
2022/4/21,2022/4/21,-0.008158331,3.428823477,,
2022/4/22,2022/4/22,-0.002057831,3.419709709,,
2022/4/23,2022/4/23,0.002813919,3.432146414,,
2022/4/24,2022/4/24,-0.002677433,3.42027964,,
2022/4/25,2022/4/25,0.001613553,3.427411993,,
2022/4/26,2022/4/26,0.004213795,3.446068198,,
2022/4/27,2022/4/27,0.006771423,3.476174405,,
2022/4/28,2022/4/28,0.01714581,3.552922041,,
2022/4/29,2022/4/29,0.003403996,3.568420169,,
2022/4/30,2022/4/30,0.02387664,3.677498692,,
2022/5/1,2022/5/1,-0.005979087,3.649531519,,
2022/5/2,2022/5/2,0.006361673,3.679110319,,
2022/5/3,2022/5/3,-0.008069955,3.641350111,,
2022/5/4,2022/5/4,-0.008635716,3.601268729,,
2022/5/5,2022/5/5,0.000429907,3.603246847,,
2022/5/6,2022/5/6,0.013066314,3.663394316,,
2022/5/7,2022/5/7,0.010552819,3.712606272,,
2022/5/8,2022/5/8,0.006750922,3.744420708,,
2022/5/9,2022/5/9,0.002799021,3.75770044,,
2022/5/10,2022/5/10,0.009096036,3.800976653,,
2022/5/11,2022/5/11,-0.022257048,3.694121083,,
2022/5/12,2022/5/12,-0.025160644,3.576013975,,
2022/5/13,2022/5/13,0.012464131,3.633050013,,
2022/5/14,2022/5/14,0.011086027,3.68441213,,
2022/5/15,2022/5/15,-0.003180149,3.669515002,,
2022/5/16,2022/5/16,-0.01055292,3.620237986,,
2022/5/17,2022/5/17,0.006670055,3.651055226,,
2022/5/18,2022/5/18,0.003055678,3.665267354,,
2022/5/19,2022/5/19,0.011159201,3.71732801,,
2022/5/20,2022/5/20,-7.04E-05,3.716995797,,
2022/5/21,2022/5/21,0.019043318,3.80682305,,
2022/5/22,2022/5/22,-0.005667837,3.779578758,,
2022/5/23,2022/5/23,0.001888164,3.788603387,,
2022/5/24,2022/5/24,0.013977899,3.855538001,,
2022/5/25,2022/5/25,-0.000135746,3.854878883,,
2022/5/26,2022/5/26,0.012394461,3.91505249,,
2022/5/27,2022/5/27,-0.007590431,3.877745126,,
2022/5/28,2022/5/28,0.001002697,3.882636028,,
2022/5/29,2022/5/29,0.012422774,3.943291911,,
2022/5/30,2022/5/30,-0.019313987,3.847817237,,
2022/5/31,2022/5/31,0.001891167,3.856985268,,
2022/6/1,2022/6/1,0.006303125,3.887599455,,
2022/6/2,2022/6/2,-0.016092174,3.808947353,,
2022/6/3,2022/6/3,0.009963435,3.856860989,,
2022/6/4,2022/6/4,-0.010883232,3.804002642,,
2022/6/5,2022/6/5,0.01681544,3.884784062,,
2022/6/6,2022/6/6,-0.015716546,3.80801213,,
2022/6/7,2022/6/7,0.053874308,4.067040457,,
2022/6/8,2022/6/8,0.051275036,4.326853138,,
2022/6/9,2022/6/9,-0.017756019,4.232269435,,
2022/6/10,2022/6/10,-0.003676123,4.213034969,,
2022/6/11,2022/6/11,0.012514526,4.278273632,,
2022/6/12,2022/6/12,0.01100539,4.336363091,,
2022/6/13,2022/6/13,-0.007590434,4.295857782,,
2022/6/14,2022/6/14,0.00151509,4.303881484,,
2022/6/15,2022/6/15,0.012775613,4.371641821,,
2022/6/16,2022/6/16,-0.001771497,4.362125973,,
2022/6/17,2022/6/17,-0.000946389,4.357051316,,
2022/6/18,2022/6/18,0.01317285,4.427618951,,
2022/6/19,2022/6/19,-0.009889825,4.373940748,,
2022/6/20,2022/6/20,0.009530504,4.425157114,,
2022/6/21,2022/6/21,0.005998526,4.457700061,,
2022/6/22,2022/6/22,-0.009831826,4.404040903,,
2022/6/23,2022/6/23,-0.011243497,4.343280586,,
2022/6/24,2022/6/24,0.004222948,4.365844982,,
2022/6/25,2022/6/25,-0.004803368,4.340070854,,
2022/6/26,2022/6/26,-0.008424122,4.295085444,,
2022/6/27,2022/6/27,-0.005102646,4.268066496,,
2022/6/28,2022/6/28,-0.006624989,4.233165613,,
2022/6/29,2022/6/29,-0.005402662,4.204892587,,
2022/6/30,2022/6/30,0.007203606,4.242386583,,
2022/7/1,2022/7/1,0.009792293,4.293721568,,
2022/7/2,2022/7/2,-0.003438947,4.275516738,,
2022/7/3,2022/7/3,-0.00523677,4.247890071,,
2022/7/4,2022/7/4,-0.001479273,4.240127008,,
2022/7/5,2022/7/5,-0.001358111,4.233010335,,
2022/7/6,2022/7/6,-0.001177823,4.226846775,,
2022/7/7,2022/7/7,-0.001066586,4.221271892,,
2022/7/8,2022/7/8,0.006327989,4.254312041,,
2022/7/9,2022/7/9,-0.004863171,4.228759421,,
2022/7/10,2022/7/10,0.000484491,4.231292711,,
2022/7/11,2022/7/11,0.008301117,4.274718282,,
2022/7/12,2022/7/12,-0.000917038,4.269881163,,
2022/7/13,2022/7/13,0.009482125,4.319850834,,
2022/7/14,2022/7/14,-0.00041578,4.317638947,,
2022/7/15,2022/7/15,0.003436058,4.335910662,,
2022/7/16,2022/7/16,-0.004713961,4.310757389,,
2022/7/17,2022/7/17,0.004526671,4.334797438,,
2022/7/18,2022/7/18,0.00537605,4.363477574,,
2022/7/19,2022/7/19,-0.00052552,4.360658961,,
2022/7/20,2022/7/20,-0.003670086,4.340984879,,
2022/7/21,2022/7/21,-0.002675752,4.32669373,,
2022/7/22,2022/7/22,-0.004560816,4.302399658,,
2022/7/23,2022/7/23,-0.004922077,4.276300838,,
2022/7/24,2022/7/24,-0.002096632,4.265238379,,
2022/7/25,2022/7/25,0.010614598,4.321126768,,
2022/7/26,2022/7/26,-0.00623887,4.287928952,,
2022/7/27,2022/7/27,0.002270151,4.299933349,,
2022/7/28,2022/7/28,0.010281202,4.354423037,,
2022/7/29,2022/7/29,0.007827007,4.396332145,,
2022/7/30,2022/7/30,-0.01258727,4.328407056,,
2022/7/31,2022/7/31,-0.002614734,4.314474687,,
2022/8/1,2022/8/1,0.003175387,4.331350202,,
2022/8/2,2022/8/2,-0.007532213,4.291193335,,
2022/8/3,2022/8/3,0.004937031,4.317316123,,
2022/8/4,2022/8/4,0.007466984,4.357020439,,
2022/8/5,2022/8/5,-0.002108562,4.345724827,,
2022/8/6,2022/8/6,-0.002866183,4.330403003,,
2022/8/7,2022/8/7,0.004406136,4.353889484,,
2022/8/8,2022/8/8,0.001825142,4.363661092,,
2022/8/9,2022/8/9,-0.00521889,4.335668734,,
2022/8/10,2022/8/10,-0.001895004,4.325557619,,
2022/8/11,2022/8/11,-0.000257508,4.324186245,,
2022/8/12,2022/8/12,-0.001635275,4.315479734,,
2022/8/13,2022/8/13,0.000369204,4.317442228,,
2022/8/14,2022/8/14,0.013283854,4.388078357,,
2022/8/15,2022/8/15,-0.0083944,4.342848673,,
2022/8/16,2022/8/16,0.007702178,4.384000246,,
2022/8/17,2022/8/17,-0.003656993,4.364310994,,
2022/8/18,2022/8/18,0.012101758,4.429228586,,
2022/8/19,2022/8/19,-0.004740947,4.403488902,,
2022/8/20,2022/8/20,0.005105915,4.431078656,,
2022/8/21,2022/8/21,-0.005678347,4.400239105,,
2022/8/22,2022/8/22,0.011467269,4.4621651,,
2022/8/23,2022/8/23,0.002814315,4.477537351,,
2022/8/24,2022/8/24,0.005976581,4.510274298,,
2022/8/25,2022/8/25,-0.008625149,4.462747363,,
2022/8/26,2022/8/26,0.000735644,4.466766002,,
2022/8/27,2022/8/27,-0.003471719,4.447786926,,
2022/8/28,2022/8/28,-0.000510307,4.445006879,,
2022/8/29,2022/8/29,-0.002364954,4.432129688,,
2022/8/30,2022/8/30,0.026019676,4.573471944,,
2022/8/31,2022/8/31,0.010399586,4.631433747,,
2022/9/1,2022/9/1,0.005196747,4.660698881,,
2022/9/2,2022/9/2,-0.005561193,4.629218642,,
2022/9/3,2022/9/3,0.000335282,4.631106017,,
2022/9/4,2022/9/4,-0.001614773,4.622013059,,
2022/9/5,2022/9/5,0.002192565,4.634339687,,
2022/9/6,2022/9/6,-0.003916736,4.612271463,,
2022/9/7,2022/9/7,-0.014718969,4.529664616,,
2022/9/8,2022/9/8,-0.001773357,4.519858545,,
2022/9/9,2022/9/9,0.006458479,4.555508434,,
2022/9/10,2022/9/10,-0.005181963,4.526719995,,
2022/9/11,2022/9/11,-0.003850953,4.505436855,,
2022/9/12,2022/9/12,0.05758636,4.822474925,,
2022/9/13,2022/9/13,-0.044981043,4.560573928,,
2022/9/14,2022/9/14,0.021818224,4.681895773,,
2022/9/15,2022/9/15,0.002562008,4.696452833,,
2022/9/16,2022/9/16,-0.016092455,4.604782925,,
2022/9/17,2022/9/17,-0.003693579,4.584081215,,
2022/9/18,2022/9/18,0.02173483,4.705450274,,
2022/9/19,2022/9/19,-0.008163424,4.658874264,,
2022/9/20,2022/9/20,0.002681256,4.674047156,,
2022/9/21,2022/9/21,0.000287556,4.675678764,,
2022/9/22,2022/9/22,0.005050652,4.704344645,,
2022/9/23,2022/9/23,0.002764532,4.720114488,,
2022/9/24,2022/9/24,0.009623865,4.775164097,,
2022/9/25,2022/9/25,0.010092954,4.833452564,,
2022/9/26,2022/9/26,-0.045716931,4.566765015,,
2022/9/27,2022/9/27,0.000486488,4.56947318,,
2022/9/28,2022/9/28,-0.001771996,4.559604096,,
2022/9/29,2022/9/29,-0.002499238,4.545709325,,
2022/9/30,2022/9/30,-0.000263163,4.544249897,,
2022/10/1,2022/10/1,0.002476516,4.557980317,,
2022/10/2,2022/10/2,0.007723748,4.600908759,,
2022/10/3,2022/10/3,0.002307321,4.613831853,,
2022/10/4,2022/10/4,0.002303797,4.62676498,,
2022/10/5,2022/10/5,-0.000152697,4.625905788,,
2022/10/6,2022/10/6,-0.008271429,4.579371507,,
2022/10/7,2022/10/7,-0.004358346,4.555054675,,
2022/10/8,2022/10/8,0.002893792,4.571129848,,
2022/10/9,2022/10/9,0.000350606,4.573083119,,
2022/10/10,2022/10/10,0.017265252,4.669303801,,
2022/10/11,2022/10/11,-0.003224995,4.651020322,,
2022/10/12,2022/10/12,-0.001371516,4.643269858,,
2022/10/13,2022/10/13,-9.79E-05,4.642717641,,
2022/10/14,2022/10/14,-0.000426982,4.640308304,,
2022/10/15,2022/10/15,-0.000377205,4.638180753,,
2022/10/16,2022/10/16,-0.001694659,4.628625957,,
2022/10/17,2022/10/17,-0.005430478,4.598059829,,
2022/10/18,2022/10/18,0.008561749,4.645989012,,
2022/10/19,2022/10/19,-0.000275914,4.644431206,,
2022/10/20,2022/10/20,0.001861161,4.654936399,,
2022/10/21,2022/10/21,0.004691951,4.681469083,,
2022/10/22,2022/10/22,0.003301816,4.700228247,,
2022/10/23,2022/10/23,0.001181635,4.706963839,,
2022/10/24,2022/10/24,0.007222881,4.748184561,,
2022/10/25,2022/10/25,-0.004086488,4.724694673,,
2022/10/26,2022/10/26,0.006522767,4.762035521,,
2022/10/27,2022/10/27,0.005589593,4.794242957,,
2022/10/28,2022/10/28,0.015872411,4.886211561,,
2022/10/29,2022/10/29,0.01375664,4.967186055,,
2022/10/30,2022/10/30,-0.003318747,4.947382474,,
2022/10/31,2022/10/31,-0.001545504,4.938190773,,
2022/11/1,2022/11/1,0.004503402,4.964932835,,
2022/11/2,2022/11/2,-0.000192347,4.963785496,,
2022/11/3,2022/11/3,0.026049524,5.119139267,,
2022/11/4,2022/11/4,8.91E-05,5.119684722,,
2022/11/5,2022/11/5,-0.004752446,5.09060125,,
2022/11/6,2022/11/6,-0.009875543,5.030453256,,
2022/11/7,2022/11/7,0.004967844,5.060411608,,
2022/11/8,2022/11/8,-0.009351197,5.003739507,,
2022/11/9,2022/11/9,-0.001369321,4.995518461,,
2022/11/10,2022/11/10,-0.006634009,4.955744138,,
2022/11/11,2022/11/11,-0.00222647,4.942483855,,
2022/11/12,2022/11/12,-0.017362902,4.839305092,,
2022/11/13,2022/11/13,0.024031229,4.97963077,,
2022/11/14,2022/11/14,0.006333421,5.01750229,,
2022/11/15,2022/11/15,-0.006467259,4.978585546,,
2022/11/16,2022/11/16,-0.005404212,4.946276005,,
2022/11/17,2022/11/17,0.000314225,4.948144473,,
2022/11/18,2022/11/18,0.00027838,4.949800315,,
2022/11/19,2022/11/19,0.0017586,4.960263632,,
2022/11/20,2022/11/20,0.009284057,5.015599059,,
2022/11/21,2022/11/21,0.00632283,5.053634671,,
2022/11/22,2022/11/22,-0.005956972,5.017573338,,
2022/11/23,2022/11/23,0.004431858,5.04424237,,
2022/11/24,2022/11/24,-0.001354216,5.036057161,,
2022/11/25,2022/11/25,0.000162618,5.037038734,,
2022/11/26,2022/11/26,0.002579728,5.052612651,,
2022/11/27,2022/11/27,-0.00287075,5.035237116,,
2022/11/28,2022/11/28,0.007717217,5.081812349,,
2022/11/29,2022/11/29,-0.00308525,5.063048436,,
2022/11/30,2022/11/30,0.017267842,5.167744197,,
2022/12/1,2022/12/1,-0.004237856,5.141606184,,
2022/12/2,2022/12/2,-0.008911221,5.086876977,,
2022/12/3,2022/12/3,0.005507513,5.120400531,,
2022/12/4,2022/12/4,0.000171107,5.121447777,,
2022/12/5,2022/12/5,-0.000920329,5.115814032,,
2022/12/6,2022/12/6,0.003169709,5.135199385,,
2022/12/7,2022/12/7,0.006110712,5.172689821,,
2022/12/8,2022/12/8,-0.003346562,5.15203253,,
2022/12/9,2022/12/9,0.002762808,5.169029412,,
2022/12/10,2022/12/10,0.003008766,5.187590581,,
2022/12/11,2022/12/11,0.006147782,5.22563054,,
2022/12/12,2022/12/12,0.003842782,5.24955428,,
2022/12/13,2022/12/13,0.001695111,5.26014797,,
2022/12/14,2022/12/14,0.004978706,5.291315403,,
2022/12/15,2022/12/15,-0.006038917,5.25332267,,
2022/12/16,2022/12/16,0.021655489,5.388741432,,
2022/12/17,2022/12/17,-0.003265444,5.367879353,,
2022/12/18,2022/12/18,0.002031072,5.380812976,,
2022/12/19,2022/12/19,0.007997166,5.431841398,,
2022/12/20,2022/12/20,-0.002491077,5.415819183,,
2022/12/21,2022/12/21,0.007631981,5.46478459,,
2022/12/22,2022/12/22,-0.003767993,5.440425324,,
2022/12/23,2022/12/23,-0.004097338,5.414036725,,
2022/12/24,2022/12/24,0.000968061,5.420245901,,
2022/12/25,2022/12/25,0.000190358,5.421468043,,
2022/12/26,2022/12/26,-0.001116673,5.414297362,,
2022/12/27,2022/12/27,0.00153665,5.424153895,,
2022/12/28,2022/12/28,0.009352444,5.484235438,,
2022/12/29,2022/12/29,0.002349329,5.499469043,,
2022/12/30,2022/12/30,0.000334858,5.501645441,,
2022/12/31,2022/12/31,-0.001164893,5.494071723,,
2023/1/1,2023/1/1,0.000418994,5.496792701,,
2023/1/2,2023/1/2,0.000170633,5.497901269,,
2023/1/3,2023/1/3,-0.001363293,5.489042724,,
2023/1/4,2023/1/4,0.00117605,5.496674165,,
2023/1/5,2023/1/5,-0.002251344,5.482047916,,
2023/1/6,2023/1/6,3.24E-05,5.482257621,,
2023/1/7,2023/1/7,0.000323219,5.484352812,,
2023/1/8,2023/1/8,0.013131101,5.569499504,,
2023/1/9,2023/1/9,-0.005346393,5.534376378,,
2023/1/10,2023/1/10,-0.00406801,5.507794473,,
2023/1/11,2023/1/11,-0.001364375,5.498915399,,
2023/1/12,2023/1/12,-0.007628026,5.449341503,,
2023/1/13,2023/1/13,-0.004795477,5.418413834,,
2023/1/14,2023/1/14,0.006994359,5.463306522,,
2023/1/15,2023/1/15,-0.003285847,5.442069088,,
2023/1/16,2023/1/16,-0.006797926,5.398276381,,
2023/1/17,2023/1/17,-0.009425402,5.337970052,,
2023/1/18,2023/1/18,-0.012323873,5.259861713,,
2023/1/19,2023/1/19,-0.012798401,5.179745496,,
2023/1/20,2023/1/20,0.009622459,5.23920984,,
2023/1/21,2023/1/21,0.003223406,5.259321349,,
2023/1/22,2023/1/22,0.016852372,5.364805759,,
2023/1/23,2023/1/23,-0.006598027,5.322810598,,
2023/1/24,2023/1/24,0.010543682,5.389476305,,
2023/1/25,2023/1/25,-0.011905468,5.313406599,,
2023/1/26,2023/1/26,0.011010148,5.382918138,,
2023/1/27,2023/1/27,-0.003949199,5.357710723,,
2023/1/28,2023/1/28,-0.02135863,5.221918731,,
2023/1/29,2023/1/29,-0.006867957,5.17918686,,
2023/1/30,2023/1/30,0.002984591,5.197629208,,
2023/1/31,2023/1/31,-0.002892704,5.179701302,,
2023/2/1,2023/2/1,-0.010086116,5.11737212,,
2023/2/2,2023/2/2,0.003701554,5.140015903,,
2023/2/3,2023/2/3,0.00152381,5.149372119,,
2023/2/4,2023/2/4,0.003502553,5.170910623,,
2023/2/5,2023/2/5,0.006888204,5.213417112,,
2023/2/6,2023/2/6,0.001406396,5.222155634,,
2023/2/7,2023/2/7,0.004851546,5.252342711,,
2023/2/8,2023/2/8,0.000839585,5.257592084,,
2023/2/9,2023/2/9,0.016865925,5.363132163,,
2023/2/10,2023/2/10,0.004744761,5.393323705,,
2023/2/11,2023/2/11,0.00576637,5.430189978,,
2023/2/12,2023/2/12,0.001941181,5.442672137,,
2023/2/13,2023/2/13,0.00291268,5.461437579,,
2023/2/14,2023/2/14,-0.011325833,5.388256419,,
2023/2/15,2023/2/15,-0.00965542,5.326575117,,
2023/2/16,2023/2/16,0.016623985,5.431748008,,
2023/2/17,2023/2/17,0.00483137,5.462822161,,
2023/2/18,2023/2/18,-0.000640832,5.458680577,,
2023/2/19,2023/2/19,0.011167294,5.530806559,,
2023/2/20,2023/2/20,0.006501468,5.573266392,,
2023/2/21,2023/2/21,-0.00304379,5.553258749,,
2023/2/22,2023/2/22,-0.001563676,5.543011576,,
2023/2/23,2023/2/23,-0.009463637,5.481090889,,
2023/2/24,2023/2/24,0.020127536,5.611539278,,
2023/2/25,2023/2/25,-0.0072903,5.563339172,,
2023/2/26,2023/2/26,-0.000543975,5.559768881,,
2023/2/27,2023/2/27,0.018729083,5.682627337,,
2023/2/28,2023/2/28,0.009789004,5.748043604,,
2023/3/1,2023/3/1,-0.011654203,5.669400537,,
2023/3/2,2023/3/2,0.000356021,5.671774984,,
2023/3/3,2023/3/3,0.004939824,5.704732378,,
2023/3/4,2023/3/4,0.020431296,5.84171875,,
2023/3/5,2023/3/5,-0.006742041,5.795591603,,
2023/3/6,2023/3/6,-0.007672124,5.743454978,,
2023/3/7,2023/3/7,0.004293082,5.772405185,,
2023/3/8,2023/3/8,0.024862262,5.940782496,,
2023/3/9,2023/3/9,-0.002490104,5.923499227,,
2023/3/10,2023/3/10,-0.003250793,5.900992366,,
2023/3/11,2023/3/11,0.007907237,5.955560144,,
2023/3/12,2023/3/12,-0.014865171,5.852164553,,
2023/3/13,2023/3/13,0.002530508,5.869504009,,
2023/3/14,2023/3/14,-0.002898152,5.849595145,,
2023/3/15,2023/3/15,-0.014202943,5.752310736,,
2023/3/16,2023/3/16,-6.37E-05,5.751880531,,
2023/3/17,2023/3/17,0.008577634,5.809795693,,
2023/3/18,2023/3/18,0.013656767,5.902795486,,
2023/3/19,2023/3/19,0.013777923,5.997901673,,
2023/3/20,2023/3/20,0.007474165,6.050205146,,
2023/3/21,2023/3/21,-0.005203179,6.013521665,,
2023/3/22,2023/3/22,-0.006761784,5.966097749,,
2023/3/23,2023/3/23,0.000986938,5.972972857,,
2023/3/24,2023/3/24,-0.001293664,5.963952175,,
2023/3/25,2023/3/25,0.001609915,5.975163546,,
2023/3/26,2023/3/26,-0.006410718,5.930447737,,
2023/3/27,2023/3/27,0.003868977,5.957261478,,
2023/3/28,2023/3/28,0.001547039,5.968024632,,
2023/3/29,2023/3/29,0.022660135,6.125921014,,
2023/3/30,2023/3/30,-0.002287083,6.109623438,,
2023/3/31,2023/3/31,0.007927375,6.165984088,,
2023/4/1,2023/4/1,-0.00564461,6.125534904,,
2023/4/2,2023/4/2,0.000478596,6.128945157,,
2023/4/3,2023/4/3,0.012853706,6.220578523,,
2023/4/4,2023/4/4,-0.011902534,6.134635344,,
2023/4/5,2023/4/5,-0.006495673,6.088291085,,
2023/4/6,2023/4/6,0.007689862,6.142799063,,
2023/4/7,2023/4/7,0.000865544,6.148981468,,
2023/4/8,2023/4/8,0.008273162,6.208126151,,
2023/4/9,2023/4/9,-0.003108114,6.18572247,,
2023/4/10,2023/4/10,0.003337005,6.209701264,,
2023/4/11,2023/4/11,0.007386936,6.262958869,,
2023/4/12,2023/4/12,0.002893328,6.283972991,,
2023/4/13,2023/4/13,-0.003729145,6.256809998,,
2023/4/14,2023/4/14,0.002820934,6.277280976,,
2023/4/15,2023/4/15,5.24E-05,6.277662301,,
2023/4/16,2023/4/16,0.003185053,6.300842039,,
2023/4/17,2023/4/17,-0.009352476,6.232561087,,
2023/4/18,2023/4/18,0.002754085,6.252480174,,
2023/4/19,2023/4/19,0.008596403,6.314825419,,
2023/4/20,2023/4/20,0.000362035,6.317473644,,
2023/4/21,2023/4/21,0.007114149,6.369531244,,
2023/4/22,2023/4/22,-0.001957497,6.35510541,,
2023/4/23,2023/4/23,-0.000601529,6.350681102,,
2023/4/24,2023/4/24,-0.002884283,6.329479659,,
2023/4/25,2023/4/25,-0.002316826,6.312498527,,
2023/4/26,2023/4/26,-0.001691072,6.300132568,,
2023/4/27,2023/4/27,-0.000837828,6.294016313,,
2023/4/28,2023/4/28,-0.001353374,6.284144783,,
2023/4/29,2023/4/29,0.006009102,6.327915954,,
2023/4/30,2023/4/30,-0.000544628,6.323924968,,
2023/5/1,2023/5/1,-0.000469344,6.320487529,,
2023/5/2,2023/5/2,0.003227787,6.3441165,,
2023/5/3,2023/5/3,0.000885643,6.350620764,,
2023/5/4,2023/5/4,-0.000923087,6.343835504,,
2023/5/5,2023/5/5,0.002110513,6.359334765,,
2023/5/6,2023/5/6,0.017244079,6.486239718,,
2023/5/7,2023/5/7,-0.007572546,6.429549821,,
2023/5/8,2023/5/8,0.027306945,6.63242813,,
2023/5/9,2023/5/9,-0.005002999,6.594243101,,
2023/5/10,2023/5/10,-0.006671389,6.543578954,,
2023/5/11,2023/5/11,0.021600729,6.706525757,,
2023/5/12,2023/5/12,-0.013210045,6.604722203,,
2023/5/13,2023/5/13,-0.004434861,6.57099632,,
2023/5/14,2023/5/14,-0.004949384,6.533524549,,
2023/5/15,2023/5/15,-0.004825489,6.497171607,,
2023/5/16,2023/5/16,0.001669129,6.509685353,,
2023/5/17,2023/5/17,0.003293753,6.534420404,,
2023/5/18,2023/5/18,-0.002280026,6.51724173,,
2023/5/19,2023/5/19,0.00170918,6.530090047,,
2023/5/20,2023/5/20,-0.005193755,6.490980607,,
2023/5/21,2023/5/21,0.00683005,6.54214438,,
2023/5/22,2023/5/22,0.00439307,6.575277551,,
2023/5/23,2023/5/23,0.002179747,6.591789739,,
2023/5/24,2023/5/24,0.023501787,6.77021036,,
2023/5/25,2023/5/25,0.000420159,6.773475088,,
2023/5/26,2023/5/26,-0.004795826,6.736194851,,
2023/5/27,2023/5/27,-0.013648219,6.630609572,,
2023/5/28,2023/5/28,0.010662889,6.711973912,,
2023/5/29,2023/5/29,0.008566615,6.778039426,,
2023/5/30,2023/5/30,0.021359701,6.944176022,,
2023/5/31,2023/5/31,0.002020292,6.960225577,,
2023/6/1,2023/6/1,0.005012108,7.000123087,,
2023/6/2,2023/6/2,-0.002475761,6.980316697,,
2023/6/3,2023/6/3,0.00362026,7.009207517,,
2023/6/4,2023/6/4,0.008954109,7.080922831,,
2023/6/5,2023/6/5,0.022544602,7.26310402,,
2023/6/6,2023/6/6,0.002373692,7.282718083,,
2023/6/7,2023/6/7,0.011230532,7.375737412,,
2023/6/8,2023/6/8,-0.000763108,7.369345818,,
2023/6/9,2023/6/9,-4.59E-05,7.368961442,,
2023/6/10,2023/6/10,0.007707629,7.433466292,,
2023/6/11,2023/6/11,-0.003803113,7.401392871,,
2023/6/12,2023/6/12,0.017914958,7.55190347,,
2023/6/13,2023/6/13,-0.007296999,7.489500237,,
2023/6/14,2023/6/14,0.003030306,7.515226019,,
2023/6/15,2023/6/15,-0.004599498,7.476060251,,
2023/6/16,2023/6/16,-0.003194353,7.448984724,,
2023/6/17,2023/6/17,-0.000778749,7.442405083,,
2023/6/18,2023/6/18,0.003704313,7.473678397,,
2023/6/19,2023/6/19,0.001111155,7.48309397,,
2023/6/20,2023/6/20,0.002576298,7.504948945,,
2023/6/21,2023/6/21,0.001320363,7.516178566,,
2023/6/22,2023/6/22,-0.000541801,7.51156449,,
2023/6/23,2023/6/23,0.0043784,7.548831521,,
2023/6/24,2023/6/24,0.019131791,7.712385982,,
2023/6/25,2023/6/25,-0.011284177,7.61407388,,
2023/6/26,2023/6/26,-0.003269318,7.585911737,,
2023/6/27,2023/6/27,-0.004717594,7.545406887,,
2023/6/28,2023/6/28,0.000702757,7.551412234,,
2023/6/29,2023/6/29,0.007075556,7.611918227,,
2023/6/30,2023/6/30,0.023910265,7.817831478,,
2023/7/1,2023/7/1,-0.003662133,7.785539403,,
2023/7/2,2023/7/2,0.001338699,7.797300598,,
2023/7/3,2023/7/3,-0.00535546,7.750187007,,
2023/7/4,2023/7/4,-0.00289151,7.724885755,,
2023/7/5,2023/7/5,-0.001113618,7.715169566,,
2023/7/6,2023/7/6,-0.008789738,7.638565511,,
2023/7/7,2023/7/7,-0.004456647,7.600066477,,
2023/7/8,2023/7/8,-0.008386711,7.527940201,,
2023/7/9,2023/7/9,-0.009161961,7.449807543,,
2023/7/10,2023/7/10,0.000949941,7.457834358,,
2023/7/11,2023/7/11,0.008072664,7.52611161,,
2023/7/12,2023/7/12,0.006102504,7.578142241,,
2023/7/13,2023/7/13,0.012796217,7.687910008,,
2023/7/14,2023/7/14,-0.019060231,7.522316435,,
2023/7/15,2023/7/15,0.007695265,7.587897915,,
2023/7/16,2023/7/16,-0.001076283,7.578654906,,
2023/7/17,2023/7/17,-0.000654813,7.573037487,,
2023/7/18,2023/7/18,-0.007473514,7.508966769,,
2023/7/19,2023/7/19,-0.000609674,7.503779074,,
2023/7/20,2023/7/20,0.005901974,7.553968155,,
2023/7/21,2023/7/21,-4.60E-05,7.553574676,,
2023/7/22,2023/7/22,0.010606373,7.644297082,,
2023/7/23,2023/7/23,0.011883328,7.7470201,,
2023/7/24,2023/7/24,0.003417992,7.776917342,,
2023/7/25,2023/7/25,-0.00362091,7.74513691,,
2023/7/26,2023/7/26,-0.00867731,7.669252645,,
2023/7/27,2023/7/27,0.000773488,7.675958206,,
2023/7/28,2023/7/28,-0.003257855,7.64769319,,
2023/7/29,2023/7/29,0.003299692,7.676227915,,
2023/7/30,2023/7/30,0.004923756,7.718947542,,
2023/7/31,2023/7/31,0.002843586,7.743740623,,
2023/8/1,2023/8/1,-0.003121071,7.716450787,,
2023/8/2,2023/8/2,-0.000443214,7.712587537,,
2023/8/3,2023/8/3,0.006475486,7.769005773,,
2023/8/4,2023/8/4,0.00430814,7.80678388,,
2023/8/5,2023/8/5,0.003507509,7.837673752,,
2023/8/6,2023/8/6,0.006398665,7.894223065,,
2023/8/7,2023/8/7,-0.003771227,7.860680933,,
2023/8/8,2023/8/8,0.005701532,7.911200385,,
2023/8/9,2023/8/9,-0.000306495,7.908469146,,
2023/8/10,2023/8/10,0.007086695,7.97160075,,
2023/8/11,2023/8/11,-0.002938259,7.945239863,,
2023/8/12,2023/8/12,0.007837015,8.015343838,,
2023/8/13,2023/8/13,0.013287057,8.135131225,,
2023/8/14,2023/8/14,5.88E-06,8.135184925,,
2023/8/15,2023/8/15,0.00822665,8.210336896,,
2023/8/16,2023/8/16,0.002116463,8.229830237,,
2023/8/17,2023/8/17,0.006771697,8.29233185,,
2023/8/18,2023/8/18,-0.007287054,8.224618125,,
2023/8/19,2023/8/19,0.002653022,8.249091244,,
2023/8/20,2023/8/20,-0.00697902,8.184541646,,
2023/8/21,2023/8/21,0.009756528,8.274150888,,
2023/8/22,2023/8/22,-0.002908998,8.2471724,,
2023/8/23,2023/8/23,0.00134834,8.259640732,,
2023/8/24,2023/8/24,0.004197114,8.298504497,,
2023/8/25,2023/8/25,0.004263945,8.338152812,,
2023/8/26,2023/8/26,-7.06E-05,8.337493214,,
2023/8/27,2023/8/27,0.011495365,8.444831111,,
2023/8/28,2023/8/28,-0.002529797,8.420937605,,
2023/8/29,2023/8/29,0.015771032,8.569515514,,
2023/8/30,2023/8/30,-0.005979464,8.512294942,,
2023/8/31,2023/8/31,0.005426481,8.563913226,,
2023/9/1,2023/9/1,0.01988866,8.754126641,,
2023/9/2,2023/9/2,0.010650051,8.858008589,,
2023/9/3,2023/9/3,-0.001952675,8.838759104,,
2023/9/4,2023/9/4,-0.0002733,8.836070176,,
2023/9/5,2023/9/5,0.013982573,8.973603746,,
2023/9/6,2023/9/6,-0.002102491,8.952634334,,
2023/9/7,2023/9/7,0.010650791,9.058637761,,
2023/9/8,2023/9/8,-0.001224349,9.046322473,,
2023/9/9,2023/9/9,-0.003209352,9.014080284,,
2023/9/10,2023/9/10,0.005464832,9.068805553,,
2023/9/11,2023/9/11,0.00096252,9.078496983,,
2023/9/12,2023/9/12,0.005710309,9.136048318,,
2023/9/13,2023/9/13,0.008071917,9.217865656,,
2023/9/14,2023/9/14,0.009264264,9.312526663,,
2023/9/15,2023/9/15,0.011460962,9.430718145,,
2023/9/16,2023/9/16,-0.00843553,9.342729505,,
2023/9/17,2023/9/17,0.040755346,9.764251029,,
2023/9/18,2023/9/18,0.004283158,9.810356015,,
2023/9/19,2023/9/19,0.001998189,9.83195715,,
2023/9/20,2023/9/20,0.006046328,9.897450713,,
2023/9/21,2023/9/21,-0.001348544,9.882755024,,
2023/9/22,2023/9/22,-0.001315408,9.868439762,,
2023/9/23,2023/9/23,-0.004158586,9.823242426,,
2023/9/24,2023/9/24,-0.014705563,9.664080551,,
2023/9/25,2023/9/25,-0.00505347,9.610189938,,
2023/9/26,2023/9/26,0.013114846,9.749340944,,
2023/9/27,2023/9/27,0.013008278,9.889171364,,
2023/9/28,2023/9/28,-0.004089084,9.844644631,,
2023/9/29,2023/9/29,0.006720489,9.917525942,,
2023/9/30,2023/9/30,0.002806593,9.948166993,,
2023/10/1,2023/10/1,0.003015435,9.981180478,,
2023/10/2,2023/10/2,0.006796844,10.05581785,,
2023/10/3,2023/10/3,0.001216273,10.06926474,,
2023/10/4,2023/10/4,0.012273671,10.20512526,,
2023/10/5,2023/10/5,-0.010978143,10.08211379,,
2023/10/6,2023/10/6,0.001683558,10.10077117,,
2023/10/7,2023/10/7,-0.004325895,10.0527504,,
2023/10/8,2023/10/8,0.009428106,10.1569569,,
2023/10/9,2023/10/9,0.006035801,10.22429807,,
2023/10/10,2023/10/10,-0.003197321,10.18841039,,
2023/10/11,2023/10/11,-0.000842997,10.17897859,,
2023/10/12,2023/10/12,-0.00210096,10.155492,,
2023/10/13,2023/10/13,0.007200198,10.23581375,,
2023/10/14,2023/10/14,0.003870647,10.27930362,,
2023/10/15,2023/10/15,0.00807412,10.37037407,,
2023/10/16,2023/10/16,0.008587489,10.46801703,,
2023/10/17,2023/10/17,0.021277988,10.71203335,,
2023/10/18,2023/10/18,0.013706714,10.87256684,,
2023/10/19,2023/10/19,0.00758168,10.96258085,,
2023/10/20,2023/10/20,-0.003404961,10.92184873,,
2023/10/21,2023/10/21,0.002433519,10.95086077,,
2023/10/22,2023/10/22,-0.010273174,10.8280875,,
2023/10/23,2023/10/23,0.022728907,11.096927,,
2023/10/24,2023/10/24,0.003942503,11.14461917,,
2023/10/25,2023/10/25,0.002435874,11.17420193,,
2023/10/26,2023/10/26,-0.009656205,11.05664534,,
2023/10/27,2023/10/27,-0.009768859,10.93886566,,
2023/10/28,2023/10/28,0.005440024,11.00381337,,
2023/10/29,2023/10/29,-0.007361715,10.91544473,,
2023/10/30,2023/10/30,0.004381918,10.96765723,,
2023/10/31,2023/10/31,0.009786573,11.08477957,,
2023/11/1,2023/11/1,0.010915741,11.2166939,,
2023/11/2,2023/11/2,-0.002888763,11.18140277,,
2023/11/3,2023/11/3,-0.004531671,11.12620065,,
2023/11/4,2023/11/4,0.017371912,11.33685594,,
2023/11/5,2023/11/5,0.020163656,11.58561207,,
2023/11/6,2023/11/6,0.013273407,11.75266602,,
2023/11/7,2023/11/7,-0.00301902,11.71416546,,
2023/11/8,2023/11/8,0.010843236,11.85202817,,
2023/11/9,2023/11/9,-0.000507428,11.84550669,,
2023/11/10,2023/11/10,0.004908962,11.90856479,,
2023/11/11,2023/11/11,0.006225538,11.98892755,,
2023/11/12,2023/11/12,0.013455691,12.16370254,,
2023/11/13,2023/11/13,0.007129944,12.25755901,,
2023/11/14,2023/11/14,-0.002481061,12.2246662,,
2023/11/15,2023/11/15,3.25E-05,12.22509626,,
2023/11/16,2023/11/16,-0.003854271,12.17412315,,
2023/11/17,2023/11/17,0.010836927,12.31689016,,
2023/11/18,2023/11/18,-0.008273702,12.20671018,,
2023/11/19,2023/11/19,-0.007428247,12.10860748,,
2023/11/20,2023/11/20,0.009464403,12.23267262,,
2023/11/21,2023/11/21,-0.006052602,12.15258052,,
2023/11/22,2023/11/22,-0.002977633,12.11341696,,
2023/11/23,2023/11/23,-0.006615422,12.02666617,,
2023/11/24,2023/11/24,0.012262196,12.18640169,,
2023/11/25,2023/11/25,-0.011745487,12.03152098,,
2023/11/26,2023/11/26,0.012533913,12.19485693,,
2023/11/27,2023/11/27,0.009791439,12.32405356,,
2023/11/28,2023/11/28,-0.012584621,12.1563754,,
2023/11/29,2023/11/29,-0.005253573,12.08725743,,
2023/11/30,2023/11/30,0.001308655,12.10438413,,
2023/12/1,2023/12/1,-0.003024456,12.06475049,,
2023/12/2,2023/12/2,0.009544549,12.18944765,,
2023/12/3,2023/12/3,0.004765746,12.2523052,,
2023/12/4,2023/12/4,0.02934649,12.64121384,,
2023/12/5,2023/12/5,0.001781069,12.66550979,,
2023/12/6,2023/12/6,-0.003331113,12.61998843,,
2023/12/7,2023/12/7,-0.000953354,12.60700375,,
2023/12/8,2023/12/8,0.004463563,12.66773947,,
2023/12/9,2023/12/9,0.008459196,12.78335756,,
2023/12/10,2023/12/10,-0.011836186,12.62021517,,
2023/12/11,2023/12/11,0.016981482,12.85150662,,
2023/12/12,2023/12/12,0.009284542,12.98011151,,
2023/12/13,2023/12/13,-0.003156155,12.93598811,,
2023/12/14,2023/12/14,0.001465738,12.95641461,,
2023/12/15,2023/12/15,0.006763014,13.05080204,,
2023/12/16,2023/12/16,-0.000327427,13.04620143,,
2023/12/17,2023/12/17,0.007570063,13.15253206,,
2023/12/18,2023/12/18,0.008937276,13.27901714,,
2023/12/19,2023/12/19,0.007984628,13.39302979,,
2023/12/20,2023/12/20,-0.004836348,13.32342009,,
2023/12/21,2023/12/21,-0.009383452,13.18901696,,
2023/12/22,2023/12/22,0.024389847,13.53508491,,
2023/12/23,2023/12/23,0.003092118,13.58002912,,
2023/12/24,2023/12/24,0.005845586,13.66525794,,
2023/12/25,2023/12/25,-0.026714235,13.27348679,,
2023/12/26,2023/12/26,0.030002572,13.70172811,,
2023/12/27,2023/12/27,0.00432962,13.765381,,
2023/12/28,2023/12/28,0.019182932,14.0486243,,
2023/12/29,2023/12/29,-0.005507234,13.965748,,
2023/12/30,2023/12/30,0.00470467,14.03615691,,
2023/12/31,2023/12/31,0.019843291,14.33452375,,
2024/1/1,2024/1/1,0.00359664,14.38967651,,
2024/1/2,2024/1/2,0.01255391,14.58287712,,
2024/1/3,2024/1/3,0.042267858,15.24153195,,
2024/1/4,2024/1/4,-0.013375842,15.02428779,,
2024/1/5,2024/1/5,0.008394227,15.1587993,,
2024/1/6,2024/1/6,-0.005992036,15.06197519,,
2024/1/7,2024/1/7,-0.012134657,14.86706862,,
2024/1/8,2024/1/8,-0.007004171,14.75593296,,
2024/1/9,2024/1/9,-0.002727319,14.71296151,,
2024/1/10,2024/1/10,-0.004217987,14.64668444,,
2024/1/11,2024/1/11,0.005745708,14.73658571,,
2024/1/12,2024/1/12,0.000258447,14.74065278,,
2024/1/13,2024/1/13,-0.00443148,14.67089839,,
2024/1/14,2024/1/14,-0.00186386,14.64169003,,
2024/1/15,2024/1/15,0.008278777,14.7711841,,
2024/1/16,2024/1/16,-0.005058597,14.69140403,,
2024/1/17,2024/1/17,-0.006932489,14.58262354,,
2024/1/18,2024/1/18,0.004162799,14.64749087,,
2024/1/19,2024/1/19,0.032539922,15.15665899,,
2024/1/20,2024/1/20,0.005113674,15.23927888,,
2024/1/21,2024/1/21,0.005486384,15.32837379,,
2024/1/22,2024/1/22,-0.008987806,15.18161753,,
2024/1/23,2024/1/23,0.003785359,15.24287076,,
2024/1/24,2024/1/24,0.000549064,15.25178914,,
2024/1/25,2024/1/25,0.001341286,15.27358743,,
2024/1/26,2024/1/26,-0.011037444,15.09396862,,
2024/1/27,2024/1/27,-0.009880167,14.93495753,,
2024/1/28,2024/1/28,-0.001878412,14.90502511,,
2024/1/29,2024/1/29,0.000275413,14.90940556,,
2024/1/30,2024/1/30,-0.002825932,14.86444665,,
2024/1/31,2024/1/31,0.015245624,15.10631004,,
2024/2/1,2024/2/1,0.004310594,15.17573781,,
2024/2/2,2024/2/2,-0.006814356,15.06551056,,
2024/2/3,2024/2/3,0.013998704,15.2904069,,
2024/2/4,2024/2/4,0.011705134,15.4810883,,
2024/2/5,2024/2/5,-0.005895181,15.3839293,,
2024/2/6,2024/2/6,0.01294855,15.59607742,,
2024/2/7,2024/2/7,-0.018562679,15.28800976,,
2024/2/8,2024/2/8,0.007319221,15.4072253,,
2024/2/9,2024/2/9,-0.008134007,15.27376881,,
2024/2/10,2024/2/10,-0.001409814,15.25082582,,
2024/2/11,2024/2/11,-0.003531359,15.19343833,,
2024/2/12,2024/2/12,-0.00524613,15.10848545,,
2024/2/13,2024/2/13,0.015272985,15.35451011,,
2024/2/14,2024/2/14,0.003017497,15.40385979,,
2024/2/15,2024/2/15,0.007221513,15.52232047,,
2024/2/16,2024/2/16,0.006299951,15.62641028,,
2024/2/17,2024/2/17,0.003016128,15.67655766,,
2024/2/18,2024/2/18,-0.005536206,15.58423279,,
2024/2/19,2024/2/19,0.005229176,15.67095467,,
2024/2/20,2024/2/20,0.016238289,15.94166244,,
2024/2/21,2024/2/21,0.010275515,16.11574675,,
2024/2/22,2024/2/22,0.012637458,16.33204629,,
2024/2/23,2024/2/23,0.00309412,16.38567372,,
2024/2/24,2024/2/24,0.000910858,16.4015096,,
2024/2/25,2024/2/25,0.002825467,16.450677,,
2024/2/26,2024/2/26,-0.001911541,16.41731932,,
2024/2/27,2024/2/27,0.009730114,16.58679182,,
2024/2/28,2024/2/28,-0.008795248,16.43211162,,
2024/2/29,2024/2/29,0.006133697,16.53903491,,
2024/3/1,2024/3/1,0.019727223,16.88503136,,
2024/3/2,2024/3/2,0.024346203,17.32046396,,
2024/3/3,2024/3/3,-0.003634077,17.25388598,,
2024/3/4,2024/3/4,0.019953262,17.61811055,,
2024/3/5,2024/3/5,-0.020715882,17.23241997,,
2024/3/6,2024/3/6,0.001343541,17.25691598,,
2024/3/7,2024/3/7,0.009560222,17.43145615,,
2024/3/8,2024/3/8,-0.021616892,17.03302535,,
2024/3/9,2024/3/9,0.001995457,17.06900948,,
2024/3/10,2024/3/10,-0.005501113,16.96960982,,
2024/3/11,2024/3/11,-0.006878826,16.84599999,,
2024/3/12,2024/3/12,0.015517441,17.12292424,,
2024/3/13,2024/3/13,0.002594508,17.16994432,,
2024/3/14,2024/3/14,-0.006421127,17.0532728,,
2024/3/15,2024/3/15,-0.001988883,17.01736694,,
2024/3/16,2024/3/16,-0.00643927,16.90134825,,
2024/3/17,2024/3/17,-0.000738901,16.88812093,,
2024/3/18,2024/3/18,0.029934593,17.42359456,,
2024/3/19,2024/3/19,-0.008507192,17.26686151,,
2024/3/20,2024/3/20,-0.001987196,17.23056167,,
2024/3/21,2024/3/21,0.01234053,17.45553646,,
2024/3/22,2024/3/22,-0.00115053,17.43430282,,
2024/3/23,2024/3/23,0.005330899,17.53257422,,
2024/3/24,2024/3/24,-0.008079889,17.38283308,,
2024/3/25,2024/3/25,-0.008589241,17.22493849,,
2024/3/26,2024/3/26,0.006003327,17.33434876,,
2024/3/27,2024/3/27,0.014408775,17.59852427,,
2024/3/28,2024/3/28,-0.006914889,17.46991753,,
2024/3/29,2024/3/29,0.011943994,17.69052211,,
2024/3/30,2024/3/30,7.43E-05,17.69191141,,
2024/3/31,2024/3/31,0.003189678,17.75153259,,
2024/4/1,2024/4/1,0.010696651,17.95211119,,
2024/4/2,2024/4/2,0.007225923,18.08905767,,
2024/4/3,2024/4/3,0.003304681,18.15214092,,
2024/4/4,2024/4/4,0.00493032,18.2465671,,
2024/4/5,2024/4/5,0.006751258,18.37650564,,
2024/4/6,2024/4/6,-0.015014563,18.08557588,,
2024/4/7,2024/4/7,-0.002055406,18.04634727,,
2024/4/8,2024/4/8,-0.003609787,17.97759402,,
2024/4/9,2024/4/9,0.010990367,18.18616475,,
2024/4/10,2024/4/10,0.012034206,18.417055,,
2024/4/11,2024/4/11,0.025971288,18.92134093,,
2024/4/12,2024/4/12,0.053845074,19.99400702,,
2024/4/13,2024/4/13,0.009694876,20.19754131,,
2024/4/14,2024/4/14,-0.004992052,20.09172208,,
2024/4/15,2024/4/15,0.003665806,20.16904024,,
2024/4/16,2024/4/16,0.000601783,20.18177941,,
2024/4/17,2024/4/17,0.004530317,20.27773959,,
2024/4/18,2024/4/18,0.002489078,20.33070154,,
2024/4/19,2024/4/19,-0.005082639,20.22228528,,
2024/4/20,2024/4/20,-0.004942916,20.11738531,,
2024/4/21,2024/4/21,-0.002900671,20.05613072,,
2024/4/22,2024/4/22,0.001385854,20.08531143,,
2024/4/23,2024/4/23,0.015842592,20.41935741,,
2024/4/24,2024/4/24,-0.006167655,20.2872502,,
2024/4/25,2024/4/25,-0.003447153,20.21386978,,
2024/4/26,2024/4/26,0.004504461,20.30942683,,
2024/4/27,2024/4/27,0.002406955,20.36071766,,
2024/4/28,2024/4/28,-0.009711828,20.15326605,,
2024/4/29,2024/4/29,-0.001170216,20.12851215,,
2024/4/30,2024/4/30,0.010625344,20.35300986,,
2024/5/1,2024/5/1,-0.010560122,20.12751948,,
2024/5/2,2024/5/2,0.000987922,20.14839182,,
2024/5/3,2024/5/3,-0.014564561,19.84037477,,
2024/5/4,2024/5/4,-0.005112988,19.73381818,,
2024/5/5,2024/5/5,0.000499526,19.74417526,,
2024/5/6,2024/5/6,0.004264355,19.83263579,,
2024/5/7,2024/5/7,0.017318805,20.19343215,,
2024/5/8,2024/5/8,0.016821819,20.54994424,,
2024/5/9,2024/5/9,-0.011317776,20.3060468,,
2024/5/10,2024/5/10,0.002675522,20.36305159,,
2024/5/11,2024/5/11,0.001968526,20.40510532,,
2024/5/12,2024/5/12,-0.001324889,20.37674594,,
2024/5/13,2024/5/13,0.021017357,20.82602864,,
2024/5/14,2024/5/14,0.017750453,21.21345053,,
2024/5/15,2024/5/15,0.000869935,21.2327748,,
2024/5/16,2024/5/16,0.016206156,21.59308262,,
2024/5/17,2024/5/17,-0.004131949,21.49972916,,
2024/5/18,2024/5/18,-0.003542527,21.42002327,,
2024/5/19,2024/5/19,0.01912222,21.8487439,,
2024/5/20,2024/5/20,-0.008925281,21.64481244,,
2024/5/21,2024/5/21,2.15E-05,21.64530038,,
2024/5/22,2024/5/22,-0.007440009,21.47681914,,
2024/5/23,2024/5/23,0.018185838,21.88557894,,
2024/5/24,2024/5/24,-0.000520259,21.87367251,,
2024/5/25,2024/5/25,-0.003231059,21.79976634,,
2024/5/26,2024/5/26,0.017577726,22.20053439,,
2024/5/27,2024/5/27,-0.00574255,22.06730415,,
2024/5/28,2024/5/28,0.00058149,22.08071755,,
2024/5/29,2024/5/29,-0.002010939,22.03430363,,
2024/5/30,2024/5/30,0.008414148,22.22811769,,
2024/5/31,2024/5/31,-0.010900731,21.97491423,,
2024/6/1,2024/6/1,0.023000642,22.503352,,
2024/6/2,2024/6/2,0.024648088,23.08266468,,
2024/6/3,2024/6/3,0.002877638,23.15196587,,
2024/6/4,2024/6/4,-0.002748717,23.08557894,,
2024/6/5,2024/6/5,0.003207658,23.16283725,,
2024/6/6,2024/6/6,-0.008292617,22.96246409,,
2024/6/7,2024/6/7,0.026896596,23.6069728,,
2024/6/8,2024/6/8,0.000382566,23.61638659,,
2024/6/9,2024/6/9,-0.02207449,23.07299241,,
2024/6/10,2024/6/10,0.014724765,23.42746156,,
2024/6/11,2024/6/11,0.001590237,23.46630701,,
2024/6/12,2024/6/12,-0.01051112,23.20913873,,
2024/6/13,2024/6/13,0.004986467,23.3298568,,
2024/6/14,2024/6/14,-0.000490289,23.31792813,,
2024/6/15,2024/6/15,0.001285407,23.34918656,,
2024/6/16,2024/6/16,-0.002178381,23.29614476,,
2024/6/17,2024/6/17,0.021941309,23.82923398,,
2024/6/18,2024/6/18,0.003158244,23.90765075,,
2024/6/19,2024/6/19,-0.002253668,23.85151718,,
2024/6/20,2024/6/20,0.012593347,24.16448096,,
2024/6/21,2024/6/21,0.001539392,24.20321895,,
2024/6/22,2024/6/22,-0.004634794,24.08640724,,
2024/6/23,2024/6/23,0.010213213,24.34262005,,
2024/6/24,2024/6/24,-0.008721741,24.12158829,,
2024/6/25,2024/6/25,-0.006366302,23.96165668,,
2024/6/26,2024/6/26,0.006980408,24.13589924,,
2024/6/27,2024/6/27,-0.0088462,23.91354205,,
2024/6/28,2024/6/28,0.003018281,23.98873814,,
2024/6/29,2024/6/29,-0.007060792,23.81229784,,
2024/6/30,2024/6/30,-0.007546882,23.62504237,,
2024/7/1,2024/7/1,0.011217221,23.9012669,,
2024/7/2,2024/7/2,0.005265593,24.03238685,,
2024/7/3,2024/7/3,0.007697418,24.22507159,,
2024/7/4,2024/7/4,0.008417095,24.43739341,,
2024/7/5,2024/7/5,0.009253254,24.67277206,,
2024/7/6,2024/7/6,-0.013472935,24.32688449,,
2024/7/7,2024/7/7,-0.000235697,24.32091502,,
2024/7/8,2024/7/8,0.003706613,24.41476984,,
2024/7/9,2024/7/9,-4.65E-05,24.41358865,,
2024/7/10,2024/7/10,-0.002978215,24.33790153,,
2024/7/11,2024/7/11,-0.002320313,24.27910965,,
2024/7/12,2024/7/12,0.000135942,24.28254616,,
2024/7/13,2024/7/13,0.000223044,24.28818528,,
2024/7/14,2024/7/14,-0.012341281,23.97609669,,
2024/7/15,2024/7/15,-0.017949082,23.52779867,,
2024/7/16,2024/7/16,0.004324204,23.63386189,,
2024/7/17,2024/7/17,0.00438358,23.7418464,,
2024/7/18,2024/7/18,-0.008842147,23.52307536,,
2024/7/19,2024/7/19,-0.001191982,23.4938443,,
2024/7/20,2024/7/20,-0.001030597,23.46860101,,
2024/7/21,2024/7/21,0.003891734,23.56382629,,
2024/7/22,2024/7/22,0.006485523,23.72313554,,
2024/7/23,2024/7/23,-0.003188571,23.64430406,,
2024/7/24,2024/7/24,0.003675027,23.73487253,,
2024/7/25,2024/7/25,0.002252569,23.79058954,,
2024/7/26,2024/7/26,0.002505371,23.85269916,,
2024/7/27,2024/7/27,-0.002493983,23.79071695,,
2024/7/28,2024/7/28,0.007996666,23.98896003,,
2024/7/29,2024/7/29,-0.001004937,23.9638477,,
2024/7/30,2024/7/30,0.004299721,24.07118529,,
2024/7/31,2024/7/31,-0.005925339,23.92263002,,
2024/8/1,2024/8/1,0.010855431,24.1931759,,
2024/8/2,2024/8/2,0.009688278,24.43725439,,
2024/8/3,2024/8/3,0.002984085,24.51316131,,
2024/8/4,2024/8/4,0.006475449,24.67837048,,
2024/8/5,2024/8/5,0.015175202,25.06804492,,
2024/8/6,2024/8/6,0.005556023,25.21287957,,
2024/8/7,2024/8/7,-0.003989538,25.1083023,,
2024/8/8,2024/8/8,-0.005880285,24.95477803,,
2024/8/9,2024/8/9,0.001969934,25.00590722,,
2024/8/10,2024/8/10,0.008944549,25.23851834,,
2024/8/11,2024/8/11,-0.001800778,25.19126859,,
2024/8/12,2024/8/12,0.010097889,25.45574513,,
2024/8/13,2024/8/13,-0.003117782,25.37326187,,
2024/8/14,2024/8/14,-0.001804715,25.32566564,,
2024/8/15,2024/8/15,-0.004448998,25.2085428,,
2024/8/16,2024/8/16,-0.002019648,25.15561076,,
2024/8/17,2024/8/17,0.023858524,25.77964503,,
2024/8/18,2024/8/18,0.012561082,26.11602636,,
2024/8/19,2024/8/19,0.0021014,26.17300797,,
2024/8/20,2024/8/20,-0.003537532,26.07688259,,
2024/8/21,2024/8/21,0.006899217,26.26369188,,
2024/8/22,2024/8/22,-0.007687972,26.05408939,,
2024/8/23,2024/8/23,-0.016285919,25.61348867,,
2024/8/24,2024/8/24,-0.009294691,25.36612452,,
2024/8/25,2024/8/25,0.003422414,25.45636031,,
2024/8/26,2024/8/26,0.003123284,25.53899104,,
2024/8/27,2024/8/27,-0.006441981,25.36802738,,
2024/8/28,2024/8/28,0.002579982,25.43605642,,
2024/8/29,2024/8/29,0.002906832,25.51290161,,
2024/8/30,2024/8/30,-0.001520864,25.47257909,,
2024/8/31,2024/8/31,0.00739212,25.66826758,,
2024/9/1,2024/9/1,0.007458108,25.86716239,,
2024/9/2,2024/9/2,0.001490484,25.90720745,,
2024/9/3,2024/9/3,0.01217865,26.2349009,,
2024/9/4,2024/9/4,0.00073342,26.25487552,,
2024/9/5,2024/9/5,-0.003281055,26.16545076,,
2024/9/6,2024/9/6,-0.001899237,26.11385712,,
2024/9/7,2024/9/7,0.005882701,26.27335983,,
2024/9/8,2024/9/8,-0.003962967,26.1652764,,
2024/9/9,2024/9/9,-0.008695874,25.92905057,,
2024/9/10,2024/9/10,0.010147682,26.20231802,,
2024/9/11,2024/9/11,-0.001790639,26.15360849,,
2024/9/12,2024/9/12,0.003729008,26.25486451,,
2024/9/13,2024/9/13,0.00557276,26.40674933,,
2024/9/14,2024/9/14,0.004468319,26.52921143,,
2024/9/15,2024/9/15,0.021682624,27.12611697,,
2024/9/16,2024/9/16,0.023947511,27.79966748,,
2024/9/17,2024/9/17,0.017548144,28.3050482,,
2024/9/18,2024/9/18,0.005683201,28.47159467,,
2024/9/19,2024/9/19,-0.004365468,28.34293738,,
2024/9/20,2024/9/20,0.016364452,28.82311846,,
2024/9/21,2024/9/21,0.005339205,28.98235019,,
2024/9/22,2024/9/22,0.013395336,29.38397385,,
2024/9/23,2024/9/23,-0.01212708,29.01550496,,
2024/9/24,2024/9/24,-0.011308122,28.67608596,,
2024/9/25,2024/9/25,-0.01112058,28.34607066,,
2024/9/26,2024/9/26,0.000213359,28.3523319,,
2024/9/27,2024/9/27,-0.002083615,28.29117294,,
2024/9/28,2024/9/28,-0.006775842,28.09270057,,
2024/9/29,2024/9/29,0.00504935,28.23959979,,
2024/9/30,2024/9/30,0.003680659,28.34722078,,
2024/10/1,2024/10/1,-0.001351455,28.30755934,,
2024/10/2,2024/10/2,-0.003769465,28.19708551,,
2024/10/3,2024/10/3,0.006035377,28.37330093,,
2024/10/4,2024/10/4,-0.001883727,28.31796964,,
2024/10/5,2024/10/5,0.002715044,28.39756921,,
2024/10/6,2024/10/6,0.002167487,28.46128805,,
2024/10/7,2024/10/7,0.008664832,28.71656516,,
2024/10/8,2024/10/8,0.002038951,28.77715578,,
2024/10/9,2024/10/9,-0.004410538,28.64582249,,
2024/10/10,2024/10/10,-0.005145612,28.49327658,,
2024/10/11,2024/10/11,-0.000837426,28.46857814,,
2024/10/12,2024/10/12,0.010084242,28.76574642,,
2024/10/13,2024/10/13,0.003018601,28.85559733,,
2024/10/14,2024/10/14,0.005020538,29.0054885,,
2024/10/15,2024/10/15,0.009793949,29.29936072,,
2024/10/16,2024/10/16,0.006086379,29.48377412,,
2024/10/17,2024/10/17,-0.0032568,29.38449456,,
2024/10/18,2024/10/18,-0.011332787,29.04015354,,
2024/10/19,2024/10/19,0.002105431,29.10340101,,
2024/10/20,2024/10/20,-0.002398875,29.03118671,,
2024/10/21,2024/10/21,0.009383176,29.31297461,,
2024/10/22,2024/10/22,-0.001767947,29.25938287,,
2024/10/23,2024/10/23,-0.003272752,29.16035143,,
2024/10/24,2024/10/24,0.013104825,29.55559755,,
2024/10/25,2024/10/25,-0.001373376,29.51363321,,
2024/10/26,2024/10/26,-0.00606794,29.32847831,,
2024/10/27,2024/10/27,0.00626147,29.51837918,,
2024/10/28,2024/10/28,0.007287146,29.74077106,,
2024/10/29,2024/10/29,-0.013137291,29.33692062,,
2024/10/30,2024/10/30,0.007772494,29.57271414,,
2024/10/31,2024/10/31,0.009390572,29.85980941,,
2024/11/1,2024/11/1,-0.00459547,29.71799408,,
2024/11/2,2024/11/2,0.02150208,30.37849484,,
2024/11/3,2024/11/3,0.001397896,30.42235872,,
2024/11/4,2024/11/4,0.011695354,30.78985432,,
2024/11/5,2024/11/5,-0.010553547,30.45435861,,
2024/11/6,2024/11/6,-0.017581204,29.90135311,,
2024/11/7,2024/11/7,-0.003415325,29.79581495,,
2024/11/8,2024/11/8,0.014528209,30.243223,,
2024/11/9,2024/11/9,-0.002845203,30.15432968,,
2024/11/10,2024/11/10,0.011370697,30.50857612,,
2024/11/11,2024/11/11,0.004105006,30.637919,,
2024/11/12,2024/11/12,0.005107028,30.79949473,,
2024/11/13,2024/11/13,-0.014251484,30.34630474,,
2024/11/14,2024/11/14,-0.011507427,29.98558943,,
2024/11/15,2024/11/15,-0.012586271,29.59559641,,
2024/11/16,2024/11/16,0.024958109,30.35920464,,
2024/11/17,2024/11/17,-0.016003822,29.85733752,,
2024/11/18,2024/11/18,0.017456746,30.39600622,,
2024/11/19,2024/11/19,-0.007215939,30.16945456,,
2024/11/20,2024/11/20,0.012931388,30.57251886,,
2024/11/21,2024/11/21,-0.004113413,30.44264805,,
2024/11/22,2024/11/22,0.044395382,31.83855642,,
2024/11/23,2024/11/23,0.037602999,33.07338461,,
2024/11/24,2024/11/24,0.025128833,33.92960898,,
2024/11/25,2024/11/25,0.003412234,34.04879699,,
2024/11/26,2024/11/26,-0.008031781,33.76729272,,
2024/11/27,2024/11/27,-0.000581637,33.74707079,,
2024/11/28,2024/11/28,-0.006313717,33.52768761,,
2024/11/29,2024/11/29,-0.011415485,33.1335373,,
2024/11/30,2024/11/30,0.01982755,33.81032172,,
2024/12/1,2024/12/1,-0.001757892,33.74912892,,
2024/12/2,2024/12/2,0.031640525,34.84860959,,
2024/12/3,2024/12/3,0.009306247,35.18222562,,
2024/12/4,2024/12/4,-0.004281698,35.02730427,,
2024/12/5,2024/12/5,-0.006822206,34.78151858,,
2024/12/6,2024/12/6,-0.001253274,34.73667453,,
2024/12/7,2024/12/7,-0.017768413,34.10169053,,
2024/12/8,2024/12/8,-0.005835323,33.89686082,,
2024/12/9,2024/12/9,0.026746815,34.83024069,,
2024/12/10,2024/12/10,-0.003898027,34.69057344,,
2024/12/11,2024/12/11,-0.00418487,34.54121301,,
2024/12/12,2024/12/12,0.019425984,35.23163604,,
2024/12/13,2024/12/13,0.008268999,35.5312354,,
2024/12/14,2024/12/14,-0.00339374,35.40725787,,
2024/12/15,2024/12/15,0.011625598,35.83051402,,
2024/12/16,2024/12/16,0.011409907,36.25074677,,
2024/12/17,2024/12/17,0.013369283,36.74876255,,
2024/12/18,2024/12/18,-0.00368561,36.60963533,,
2024/12/19,2024/12/19,0.016475394,37.22926889,,
2024/12/20,2024/12/20,0.007312692,37.50882777,,
2024/12/21,2024/12/21,-0.002308765,37.41991993,,
2024/12/22,2024/12/22,-0.007791755,37.12056132,,
2024/12/23,2024/12/23,-0.007059248,36.85145884,,
2024/12/24,2024/12/24,0.001111383,36.8935263,,
2024/12/25,2024/12/25,0.032075247,38.10897051,,
2024/12/26,2024/12/26,-0.004984413,37.91403525,,
2024/12/27,2024/12/27,0.002795546,38.02282124,,
2024/12/28,2024/12/28,-4.95E-05,38.02088903,,
2024/12/29,2024/12/29,0.001925899,38.09603933,,
2024/12/30,2024/12/30,-0.008139443,37.77781932,,
2024/12/31,2024/12/31,0.006318641,38.02284243,,1.642369508
2025/1/1,2025/1/1,-0.003926154,37.86963276,,
2025/1/2,2025/1/2,-0.010082914,37.47771359,,
2025/1/3,2025/1/3,-0.010897545,37.05840097,,
2025/1/4,2025/1/4,0.001437306,37.11310255,,
2025/1/5,2025/1/5,0.009298287,37.46748911,,
2025/1/6,2025/1/6,-0.0006736,37.44157742,,
2025/1/7,2025/1/7,0.018862542,38.1666833,,
2025/1/8,2025/1/8,0.012364876,38.6509745,,
2025/1/9,2025/1/9,0.018245088,39.37441003,,
2025/1/10,2025/1/10,-0.019833443,38.57364646,,
2025/1/11,2025/1/11,0.013044854,39.08987891,,
2025/1/12,2025/1/12,0.015821153,39.72414702,,
2025/1/13,2025/1/13,0.008121803,40.0549005,,
2025/1/14,2025/1/14,-0.012437552,39.54427805,,
2025/1/15,2025/1/15,0.011422823,40.00740817,,
2025/1/16,2025/1/16,0.00656969,40.27681415,,
2025/1/17,2025/1/17,0.001272537,40.32934044,,
2025/1/18,2025/1/18,0.024904779,41.35863854,,
2025/1/19,2025/1/19,0.034996154,42.84102796,,
2025/1/20,2025/1/20,-0.010434358,42.38357496,,
2025/1/21,2025/1/21,-0.001051941,42.33793799,,
2025/1/22,2025/1/22,-0.014258619,41.71999887,,
2025/1/23,2025/1/23,0.00443198,41.90933305,,
2025/1/24,2025/1/24,0.027315956,43.08144249,,
2025/1/25,2025/1/25,-0.018945107,42.24631483,,
2025/1/26,2025/1/26,0.018838786,43.06102289,,
2025/1/27,2025/1/27,-0.005147279,42.83422849,,
2025/1/28,2025/1/28,0.017956961,43.62135803,,
2025/1/29,2025/1/29,-0.012488103,43.06412194,,
2025/1/30,2025/1/30,0.022537338,44.05720995,,
2025/1/31,2025/1/31,0.019602172,44.94042914,,
2025/2/1,2025/2/1,0.023202461,46.00636017,,
2025/2/2,2025/2/2,-0.017470964,45.18511375,,
2025/2/3,2025/2/3,0.006654138,45.49243587,,
2025/2/4,2025/2/4,-0.007177003,45.15875953,,
2025/2/5,2025/2/5,0.001064424,45.207892,,
2025/2/6,2025/2/6,-0.011504554,44.67629081,,
2025/2/7,2025/2/7,0.009686943,45.11875442,,
2025/2/8,2025/2/8,0.02108859,46.09133391,,
2025/2/9,2025/2/9,0.012881656,46.69794829,,
2025/2/10,2025/2/10,0.021047438,47.7018679,,
2025/2/11,2025/2/11,-0.011449579,47.14425203,,
2025/2/12,2025/2/12,0.017393656,47.9816566,,
2025/2/13,2025/2/13,0.01230611,48.58443024,,
2025/2/14,2025/2/14,-0.007723926,48.20144378,,
2025/2/15,2025/2/15,0.031453492,49.749001,,
2025/2/16,2025/2/16,-0.026222541,48.41823325,,
2025/2/17,2025/2/17,0.013427618,49.08180238,,
2025/2/18,2025/2/18,0.013771622,49.77151005,,
2025/2/19,2025/2/19,0.017545115,50.66230203,,
2025/2/20,2025/2/20,0.025130234,51.96058777,,
2025/2/21,2025/2/21,-0.007844103,51.54515948,,
2025/2/22,2025/2/22,-0.012898878,50.86738589,,
2025/2/23,2025/2/23,-0.00438,50.64020673,,
2025/2/24,2025/2/24,0.016074017,51.47027228,,
2025/2/25,2025/2/25,-0.011103979,50.88764348,,
2025/2/26,2025/2/26,0.026624824,52.26914284,,
2025/2/27,2025/2/27,-0.007459665,51.87177286,,
2025/2/28,2025/2/28,-0.005795725,51.56534259,,
2025/3/1,2025/3/1,-0.006739467,51.21108018,,
2025/3/2,2025/3/2,-0.015438871,50.40500005,,
2025/3/3,2025/3/3,0.003074217,50.56303018,,
2025/3/4,2025/3/4,-0.001124016,50.50507251,,
2025/3/5,2025/3/5,-0.001849902,50.40979315,,
2025/3/6,2025/3/6,0.013785351,51.11849518,,
2025/3/7,2025/3/7,-0.001911335,51.01887928,,
2025/3/8,2025/3/8,0.017265222,51.91699677,,
2025/3/9,2025/3/9,0.008736782,52.37932101,,
2025/3/10,2025/3/10,0.019931811,53.44326753,,
2025/3/11,2025/3/11,0.013169223,54.16024307,,
2025/3/12,2025/3/12,-0.018002243,53.16723498,,
2025/3/13,2025/3/13,0.003027122,53.33120581,,
2025/3/14,2025/3/14,-0.011189608,52.72326091,,
2025/3/15,2025/3/15,0.003014608,52.88521549,,
2025/3/16,2025/3/16,-0.005156487,52.60735708,,
2025/3/17,2025/3/17,0.020503247,53.70648196,,
2025/3/18,2025/3/18,0.015765994,54.56898404,,
2025/3/19,2025/3/19,-0.016440029,53.65542834,,
2025/3/20,2025/3/20,-0.005242945,53.36887291,,
2025/3/21,2025/3/21,0.013791445,54.11869821,,
2025/3/22,2025/3/22,0.00875724,54.60138586,,
2025/3/23,2025/3/23,0.001950254,54.70982268,,
2025/3/24,2025/3/24,0.003312042,54.89433596,,
2025/3/25,2025/3/25,0.016755077,55.83084986,,
2025/3/26,2025/3/26,0.012875347,56.56256678,,
2025/3/27,2025/3/27,-0.026458309,55.03955857,,
2025/3/28,2025/3/28,0.007462141,55.45773368,,
2025/3/29,2025/3/29,0.008381776,55.93094978,,
2025/3/30,2025/3/30,-0.005617067,55.61116481,,
2025/3/31,2025/3/31,0.008705483,56.10399233,,
2025/4/1,2025/4/1,0.010565981,56.70735202,,
2025/4/2,2025/4/2,0.026788998,58.25327416,,
2025/4/3,2025/4/3,0.001873315,58.36427418,,
2025/4/4,2025/4/4,-0.006989849,57.94932686,,
2025/4/5,2025/4/5,0.015712221,58.87555172,,
2025/4/6,2025/4/6,0.011642734,59.57266683,,
2025/4/7,2025/4/7,0.006561949,59.97014158,,
2025/4/8,2025/4/8,-0.010411651,59.33534176,,
2025/4/9,2025/4/9,0.01016373,59.94857389,,
2025/4/10,2025/4/10,0.014612567,60.83918899,,
2025/4/11,2025/4/11,-0.003877099,60.59943235,,
2025/4/12,2025/4/12,-0.005586031,60.25533603,,
2025/4/13,2025/4/13,0.021480291,61.57111845,,
2025/4/14,2025/4/14,0.005504513,61.915542,,
2025/4/15,2025/4/15,0.003534687,62.13792875,,
2025/4/16,2025/4/16,-0.015511666,61.1585543,,
2025/4/17,2025/4/17,-0.00368734,60.92935456,,
2025/4/18,2025/4/18,0.008784229,61.47335617,,
2025/4/19,2025/4/19,0.004330948,61.74392504,,
2025/4/20,2025/4/20,0.010498922,62.4026686,,
2025/4/21,2025/4/21,0.002228996,62.54399288,,
2025/4/22,2025/4/22,0.034647209,64.74561489,,
2025/4/23,2025/4/23,-0.008805647,64.16668223,,
2025/4/24,2025/4/24,0.000889246,64.22463141,,
2025/4/25,2025/4/25,0.005773933,64.60123409,,
2025/4/26,2025/4/26,0.003760337,64.84791687,,
2025/4/27,2025/4/27,-0.013782005,63.94040053,,
2025/4/28,2025/4/28,0.010615563,64.62977945,,
2025/4/29,2025/4/29,-0.004583609,64.32895817,,
2025/4/30,2025/4/30,0.004794545,64.6421808,,
2025/5/1,2025/5/1,0.005486072,65.00229851,,
2025/5/2,2025/5/2,-0.027802541,63.1672669,,
2025/5/3,2025/5/3,-0.006956368,62.72089577,,
2025/5/4,2025/5/4,0.004863741,63.03081768,,
2025/5/5,2025/5/5,0.001997022,63.1586886,,
2025/5/6,2025/5/6,0.008521337,63.70540643,,
2025/5/7,2025/5/7,0.024839943,65.31268501,,
2025/5/8,2025/5/8,0.009575338,65.94765139,,
2025/5/9,2025/5/9,0.019059277,67.2236252,,
2025/5/10,2025/5/10,0.019806588,68.57490246,,
2025/5/11,2025/5/11,0.004236099,68.86962866,,
2025/5/12,2025/5/12,0.02625148,70.70380985,,
2025/5/13,2025/5/13,0.004537075,71.02913539,,
2025/5/14,2025/5/14,-0.013044855,70.08952579,,
2025/5/15,2025/5/15,-0.001638936,69.97301463,,
2025/5/16,2025/5/16,-0.004013485,69.68816551,,
2025/5/17,2025/5/17,0.010911655,70.45949038,,
2025/5/18,2025/5/18,-0.016807871,69.25840852,,
2025/5/19,2025/5/19,-0.001888383,69.12573375,,
2025/5/20,2025/5/20,0.00376428,69.38970662,,
2025/5/21,2025/5/21,-0.014263766,68.38568434,,
2025/5/22,2025/5/22,0.007813515,68.92783044,,
2025/5/23,2025/5/23,-0.002253769,68.77022929,,
2025/5/24,2025/5/24,-0.005941542,68.35568652,,
2025/5/25,2025/5/25,-0.002462644,68.18488816,,
2025/5/26,2025/5/26,-0.007794577,67.64562123,,
2025/5/27,2025/5/27,0.003828881,67.90845713,,
2025/5/28,2025/5/28,0.007014015,68.39178212,,
2025/5/29,2025/5/29,0.009815191,69.07287573,,
2025/5/30,2025/5/30,0.022163484,70.6259348,,
2025/5/31,2025/5/31,-0.008201343,70.03850591,,
2025/6/1,2025/6/1,-0.007667473,69.49382005,,
2025/6/2,2025/6/2,-0.00784042,68.94111887,,
2025/6/3,2025/6/3,0.004193436,69.23441248,,
2025/6/4,2025/6/4,0.013631436,70.19180838,,
2025/6/5,2025/6/5,0.002049684,70.33772912,,
2025/6/6,2025/6/6,-0.023064861,68.69233433,,
2025/6/7,2025/6/7,-0.007575318,68.16439273,,
2025/6/8,2025/6/8,-0.005921533,67.7548335,,
2025/6/9,2025/6/9,0.006346096,68.19115828,,
2025/6/10,2025/6/10,0.006857258,68.66561989,,
2025/6/11,2025/6/11,0.005226676,69.02973952,,
2025/6/12,2025/6/12,0.013820878,69.99761204,,
2025/6/13,2025/6/13,0.001097361,70.07552202,,
2025/6/14,2025/6/14,-0.004297117,69.77010219,,
2025/6/15,2025/6/15,-0.000914534,69.70538051,,
2025/6/16,2025/6/16,-0.009137166,69.05933374,,
2025/6/17,2025/6/17,0.004710987,69.38938234,,
2025/6/18,2025/6/18,0.002310134,69.55199127,,
2025/6/19,2025/6/19,0.023302056,71.19599772,,
2025/6/20,2025/6/20,0.00059443,71.2389132,,
2025/6/21,2025/6/21,0.005289615,71.62102922,,
2025/6/22,2025/6/22,0.016655499,72.83056872,,
2025/6/23,2025/6/23,0.012128677,73.72603583,,
2025/6/24,2025/6/24,-0.005572266,73.30964249,,
2025/6/25,2025/6/25,0.010817929,74.11351894,,
2025/6/26,2025/6/26,0.017356168,75.41720181,,
2025/6/27,2025/6/27,-0.013446469,74.38966028,,
2025/6/28,2025/6/28,-0.006152523,73.92582366,,
2025/6/29,2025/6/29,-0.01413198,72.86697341,,
2025/6/30,2025/6/30,0.009812148,73.59176709,,
2025/7/1,2025/7/1,0.001500106,73.70366268,,
2025/7/2,2025/7/2,0.000627821,73.75056322,,
2025/7/3,2025/7/3,0.011630868,74.61997716,,
2025/7/4,2025/7/4,0.017254517,75.92476333,,
2025/7/5,2025/7/5,-0.004929506,75.54556223,,
2025/7/6,2025/7/6,-0.004081266,75.23315943,,
2025/7/7,2025/7/7,0.009502889,75.95759468,,
2025/7/8,2025/7/8,0.003911046,76.25857935,,
2025/7/9,2025/7/9,0.013299628,77.28608969,,
2025/7/10,2025/7/10,0.018705725,78.75048777,,
2025/7/11,2025/7/11,0.014687318,79.92180852,,
2025/7/12,2025/7/12,-0.002578325,79.71316584,,
2025/7/13,2025/7/13,-0.007714402,79.09051206,,
2025/7/14,2025/7/14,0.001714365,79.22781643,,
2025/7/15,2025/7/15,0.002613245,79.4374714,,
2025/7/16,2025/7/16,0.016662112,80.77772952,,
2025/7/17,2025/7/17,0.012708515,81.81700306,,
2025/7/18,2025/7/18,-0.017984981,80.3275408,,
2025/7/19,2025/7/19,0.002937171,80.56641373,,
2025/7/20,2025/7/20,0.016440134,81.90737649,,
2025/7/21,2025/7/21,-0.004205343,81.55872254,,
2025/7/22,2025/7/22,-0.00010995,81.54964524,,
2025/7/23,2025/7/23,0.005730804,82.02272106,,
2025/7/24,2025/7/24,-0.020530138,80.31825314,,
2025/7/25,2025/7/25,0.011693306,81.26913237,,
2025/7/26,2025/7/26,0.003208057,81.53305647,,
2025/7/27,2025/7/27,0.003257309,81.80189211,,
2025/7/28,2025/7/28,-0.011822709,80.82294941,,
2025/7/29,2025/7/29,-0.001050879,80.73696342,,
2025/7/30,2025/7/30,-0.004569741,80.36344666,,
2025/7/31,2025/7/31,-0.008155405,79.69989477,,
2025/8/1,2025/8/1,0.004960011,80.10016711,,
2025/8/2,2025/8/2,-0.000691001,80.04412677,,
2025/8/3,2025/8/3,-0.003501025,79.76038929,,
2025/8/4,2025/8/4,0.051794058,83.94329754,,
2025/8/5,2025/8/5,0.054755457,88.59440658,,
2025/8/6,2025/8/6,-0.005846299,88.07061092,,
2025/8/7,2025/8/7,-0.017084293,86.54890252,,
2025/8/8,2025/8/8,-0.017811005,84.98956853,,
2025/8/9,2025/8/9,-0.005367067,84.52805673,,
2025/8/10,2025/8/10,0.002366055,84.73042079,,
2025/8/11,2025/8/11,0.001475248,84.85689443,,
2025/8/12,2025/8/12,-0.009323313,84.05642376,,
2025/8/13,2025/8/13,0.001143655,84.15369895,,
2025/8/14,2025/8/14,0.022486149,86.06847772,,
2025/8/15,2025/8/15,-0.00650004,85.50252911,,
2025/8/16,2025/8/16,-0.010304377,84.61117447,,
2025/8/17,2025/8/17,-0.01352803,83.4530239,,
2025/8/18,2025/8/18,0.011787598,84.44852218,,
2025/8/19,2025/8/19,0.029609529,86.97861267,,
2025/8/20,2025/8/20,4.61E-05,86.98267096,,
2025/8/21,2025/8/21,0.00448912,87.37763573,,
2025/8/22,2025/8/22,-0.008190621,86.65376801,,
2025/8/23,2025/8/23,0.025783825,88.91381741,,
2025/8/24,2025/8/24,0.009970817,89.81033161,,
2025/8/25,2025/8/25,0.002636844,90.04978427,,
2025/8/26,2025/8/26,-0.01039232,89.10356578,,
2025/8/27,2025/8/27,0.004136082,89.47624153,,
2025/8/28,2025/8/28,-5.94E-05,89.47086306,,
2025/8/29,2025/8/29,-0.000929396,89.38677981,,
2025/8/30,2025/8/30,-0.010455322,88.44175689,,
2025/8/31,2025/8/31,-0.018232629,86.81099851,,
2025/9/1,2025/9/1,0.025102702,89.01529188,,
2025/9/2,2025/9/2,0.024783505,91.24618628,,
2025/9/3,2025/9/3,0.005745629,91.77619865,,
2025/9/4,2025/9/4,0.017554321,93.40482178,,
2025/9/5,2025/9/5,0.014767167,94.79891356,,
2025/9/6,2025/9/6,-0.015223872,93.34048319,,
2025/9/7,2025/9/7,0.018514033,95.08710598,,
